Project Name,Package Name,Type Name,Code Smell
Java-OCA-OCPP,eu.chargetime.ocpp.test,OCPP201MultiProtocolIntegrationTest,Unutilized Abstraction
Java-OCA-OCPP,eu.chargetime.ocpp.test,OCPP201MultiProtocolFakeChargingStation,Unutilized Abstraction
Java-OCA-OCPP,eu.chargetime.ocpp.test,OCPP201MultiProtocolFakeCSMS,Unutilized Abstraction
Java-OCA-OCPP,eu.chargetime.ocpp.test,SOAPTestClient,Unutilized Abstraction
Java-OCA-OCPP,eu.chargetime.ocpp.test,TestSessionFactory,Unutilized Abstraction
Java-OCA-OCPP,eu.chargetime.ocpp.test,FakeCentralSystem,Unutilized Abstraction
Java-OCA-OCPP,eu.chargetime.ocpp.test,FakeCentralSystem,Insufficient Modularization
Java-OCA-OCPP,eu.chargetime.ocpp.test,JSONTestClient,Unutilized Abstraction
Java-OCA-OCPP,eu.chargetime.ocpp.test,JSONTestClient,Deficient Encapsulation
Java-OCA-OCPP,eu.chargetime.ocpp.test,FakeChargePoint,Unutilized Abstraction
Java-OCA-OCPP,eu.chargetime.ocpp.test,FakeChargePoint,Insufficient Modularization
Java-OCA-OCPP,eu.chargetime.ocpp.test,JSONTestServer,Unutilized Abstraction
Java-OCA-OCPP,eu.chargetime.ocpp.test,JSONTestServer,Deficient Encapsulation
Java-OCA-OCPP,eu.chargetime.ocpp.test,SOAPTestServer,Unutilized Abstraction
Java-OCA-OCPP,eu.chargetime.ocpp.test,DummyHandlers,Insufficient Modularization
Java-OCA-OCPP,eu.chargetime.ocpp.test,FakeCentral,Unutilized Abstraction
Java-OCA-OCPP,eu.chargetime.ocpp.test,FakeCentralSystem,Unutilized Abstraction
Java-OCA-OCPP,eu.chargetime.ocpp.test,FakeChargePoint,Unutilized Abstraction
Java-OCA-OCPP,eu.chargetime.ocpp.test,JSONCommunicatorTest,Unutilized Abstraction
Java-OCA-OCPP,eu.chargetime.ocpp.test,TimeoutSessionTest,Unutilized Abstraction
Java-OCA-OCPP,eu.chargetime.ocpp.test,SessionTest,Unutilized Abstraction
Java-OCA-OCPP,eu.chargetime.ocpp.test,FeatureRepositoryTest,Unutilized Abstraction
Java-OCA-OCPP,eu.chargetime.ocpp.test,QueueTest,Unutilized Abstraction
Java-OCA-OCPP,eu.chargetime.ocpp.test,ClientTest,Unutilized Abstraction
Java-OCA-OCPP,eu.chargetime.ocpp.test,CommunicatorTest,Unutilized Abstraction
Java-OCA-OCPP,eu.chargetime.ocpp.test,SimpleRequestDispatcherTest,Unutilized Abstraction
Java-OCA-OCPP,eu.chargetime.ocpp.test,ServerTest,Unutilized Abstraction
Java-OCA-OCPP,eu.chargetime.ocpp.test.features,GetVariables,Unutilized Abstraction
Java-OCA-OCPP,eu.chargetime.ocpp.test.features,SetVariables,Unutilized Abstraction
Java-OCA-OCPP,eu.chargetime.ocpp.test.features,StatusNotification,Unutilized Abstraction
Java-OCA-OCPP,eu.chargetime.ocpp.test.features,BootNotification,Unutilized Abstraction
Java-OCA-OCPP,eu.chargetime.ocpp.model.firmware.test,UpdateFirmwareConfirmationTest,Unutilized Abstraction
Java-OCA-OCPP,eu.chargetime.ocpp.model.firmware.test,GetDiagnosticsConfirmationTest,Unutilized Abstraction
Java-OCA-OCPP,eu.chargetime.ocpp.model.firmware.test,GetDiagnosticsConfirmationTest,Deficient Encapsulation
Java-OCA-OCPP,eu.chargetime.ocpp.model.firmware.test,FirmwareStatusNotificationConfirmationTest,Unutilized Abstraction
Java-OCA-OCPP,eu.chargetime.ocpp.model.firmware.test,UpdateFirmwareRequestTest,Unutilized Abstraction
Java-OCA-OCPP,eu.chargetime.ocpp.model.firmware.test,UpdateFirmwareRequestTest,Deficient Encapsulation
Java-OCA-OCPP,eu.chargetime.ocpp.model.firmware.test,DiagnosticsStatusNotificationRequestTest,Unutilized Abstraction
Java-OCA-OCPP,eu.chargetime.ocpp.model.firmware.test,DiagnosticsStatusNotificationRequestTest,Deficient Encapsulation
Java-OCA-OCPP,eu.chargetime.ocpp.model.firmware.test,FirmwareStatusNotificationRequestTest,Unutilized Abstraction
Java-OCA-OCPP,eu.chargetime.ocpp.model.firmware.test,FirmwareStatusNotificationRequestTest,Deficient Encapsulation
Java-OCA-OCPP,eu.chargetime.ocpp.model.firmware.test,DiagnosticsStatusNotificationConfirmationTest,Unutilized Abstraction
Java-OCA-OCPP,eu.chargetime.ocpp.model.firmware.test,GetDiagnosticsRequestTest,Unutilized Abstraction
Java-OCA-OCPP,eu.chargetime.ocpp.model.core.test,BootNotificationRequestTest,Unutilized Abstraction
Java-OCA-OCPP,eu.chargetime.ocpp.model.core.test,BootNotificationRequestTest,Deficient Encapsulation
Java-OCA-OCPP,eu.chargetime.ocpp.model.core,MeterValuesRequestTest,Unutilized Abstraction
Java-OCA-OCPP,eu.chargetime.ocpp.model.core,BootNotificationRequest,Insufficient Modularization
Java-OCA-OCPP,eu.chargetime.ocpp.model.core,StopTransactionRequest,Insufficient Modularization
Java-OCA-OCPP,eu.chargetime.ocpp.model.core,SampledValue,Insufficient Modularization
Java-OCA-OCPP,eu.chargetime.ocpp.model.core,StatusNotificationRequest,Insufficient Modularization
Java-OCA-OCPP,eu.chargetime.ocpp.model.core,ChargingProfile,Insufficient Modularization
Java-OCA-OCPP,eu.chargetime.ocpp.model.test,ChargingProfileTest,Unutilized Abstraction
Java-OCA-OCPP,eu.chargetime.ocpp.model.test,ChargingProfileTest,Deficient Encapsulation
Java-OCA-OCPP,eu.chargetime.ocpp.model.test,SetChargingProfileConfirmationTest,Unutilized Abstraction
Java-OCA-OCPP,eu.chargetime.ocpp.model.test,SampledValueTest,Unutilized Abstraction
Java-OCA-OCPP,eu.chargetime.ocpp.model.test,SampledValueTest,Deficient Encapsulation
Java-OCA-OCPP,eu.chargetime.ocpp.model.test,SampledValueTest,Insufficient Modularization
Java-OCA-OCPP,eu.chargetime.ocpp.model.test,StopTransactionRequestTest,Unutilized Abstraction
Java-OCA-OCPP,eu.chargetime.ocpp.model.test,StopTransactionRequestTest,Deficient Encapsulation
Java-OCA-OCPP,eu.chargetime.ocpp.model.test,IdTagInfoTest,Unutilized Abstraction
Java-OCA-OCPP,eu.chargetime.ocpp.model.test,RemoteStartTransactionConfirmationTest,Unutilized Abstraction
Java-OCA-OCPP,eu.chargetime.ocpp.model.test,ResetConfirmationTest,Unutilized Abstraction
Java-OCA-OCPP,eu.chargetime.ocpp.model.test,ChangeAvailabilityConfirmationTest,Unutilized Abstraction
Java-OCA-OCPP,eu.chargetime.ocpp.model.test,MeterValueTest,Unutilized Abstraction
Java-OCA-OCPP,eu.chargetime.ocpp.model.test,KeyValueTypeTest,Unutilized Abstraction
Java-OCA-OCPP,eu.chargetime.ocpp.model.test,KeyValueTypeTest,Deficient Encapsulation
Java-OCA-OCPP,eu.chargetime.ocpp.model.test,UnlockConnectorRequestTest,Unutilized Abstraction
Java-OCA-OCPP,eu.chargetime.ocpp.model.test,UnlockConnectorRequestTest,Deficient Encapsulation
Java-OCA-OCPP,eu.chargetime.ocpp.model.test,StatusNotificationConfirmationTest,Unutilized Abstraction
Java-OCA-OCPP,eu.chargetime.ocpp.model.test,AuthorizeRequestTest,Unutilized Abstraction
Java-OCA-OCPP,eu.chargetime.ocpp.model.test,AuthorizeRequestTest,Deficient Encapsulation
Java-OCA-OCPP,eu.chargetime.ocpp.model.test,RemoteStopTransactionConfirmationTest,Unutilized Abstraction
Java-OCA-OCPP,eu.chargetime.ocpp.model.test,RemoteStartTransactionRequestTest,Unutilized Abstraction
Java-OCA-OCPP,eu.chargetime.ocpp.model.test,RemoteStartTransactionRequestTest,Deficient Encapsulation
Java-OCA-OCPP,eu.chargetime.ocpp.model.test,StartTransactionRequestTest,Unutilized Abstraction
Java-OCA-OCPP,eu.chargetime.ocpp.model.test,StartTransactionRequestTest,Deficient Encapsulation
Java-OCA-OCPP,eu.chargetime.ocpp.model.test,BootNotificationRequestTest,Deficient Encapsulation
Java-OCA-OCPP,eu.chargetime.ocpp.model.test,BootNotificationRequestTest,Insufficient Modularization
Java-OCA-OCPP,eu.chargetime.ocpp.model.test,BootNotificationConfirmationTest,Unutilized Abstraction
Java-OCA-OCPP,eu.chargetime.ocpp.model.test,BootNotificationConfirmationTest,Deficient Encapsulation
Java-OCA-OCPP,eu.chargetime.ocpp.model.test,UnlockConnectorConfirmationTest,Unutilized Abstraction
Java-OCA-OCPP,eu.chargetime.ocpp.model.test,DataTransferRequestTest,Deficient Encapsulation
Java-OCA-OCPP,eu.chargetime.ocpp.model.test,HeartbeatRequestTest,Unutilized Abstraction
Java-OCA-OCPP,eu.chargetime.ocpp.model.test,ClearCacheRequestTest,Unutilized Abstraction
Java-OCA-OCPP,eu.chargetime.ocpp.model.test,ClearCacheConfirmationTest,Unutilized Abstraction
Java-OCA-OCPP,eu.chargetime.ocpp.model.test,GetConfigurationRequestTest,Unutilized Abstraction
Java-OCA-OCPP,eu.chargetime.ocpp.model.test,GetConfigurationRequestTest,Deficient Encapsulation
Java-OCA-OCPP,eu.chargetime.ocpp.model.test,MeterValuesRequestTest,Unutilized Abstraction
Java-OCA-OCPP,eu.chargetime.ocpp.model.test,MeterValuesRequestTest,Deficient Encapsulation
Java-OCA-OCPP,eu.chargetime.ocpp.model.test,StatusNotificationRequestTest,Deficient Encapsulation
Java-OCA-OCPP,eu.chargetime.ocpp.model.test,TriggerMessageRequestTest,Unutilized Abstraction
Java-OCA-OCPP,eu.chargetime.ocpp.model.test,TriggerMessageRequestTest,Deficient Encapsulation
Java-OCA-OCPP,eu.chargetime.ocpp.model.test,DataTransferConfirmationTest,Unutilized Abstraction
Java-OCA-OCPP,eu.chargetime.ocpp.model.test,GetConfigurationConfirmationTest,Unutilized Abstraction
Java-OCA-OCPP,eu.chargetime.ocpp.model.test,GetConfigurationConfirmationTest,Deficient Encapsulation
Java-OCA-OCPP,eu.chargetime.ocpp.model.test,HeartbeatConfirmationTest,Unutilized Abstraction
Java-OCA-OCPP,eu.chargetime.ocpp.model.test,ChangeConfigurationRequestTest,Deficient Encapsulation
Java-OCA-OCPP,eu.chargetime.ocpp.model.test,StopTransactionConfirmationTest,Unutilized Abstraction
Java-OCA-OCPP,eu.chargetime.ocpp.model.test,TriggerMessageConfirmationTest,Unutilized Abstraction
Java-OCA-OCPP,eu.chargetime.ocpp.model.test,ChargingSchedulePeriodTest,Unutilized Abstraction
Java-OCA-OCPP,eu.chargetime.ocpp.model.test,StartTransactionConfirmationTest,Unutilized Abstraction
Java-OCA-OCPP,eu.chargetime.ocpp.model.test,GetCompositeScheduleRequestTest,Unutilized Abstraction
Java-OCA-OCPP,eu.chargetime.ocpp.model.test,GetCompositeScheduleRequestTest,Deficient Encapsulation
Java-OCA-OCPP,eu.chargetime.ocpp.model.test,ResetRequestTest,Unutilized Abstraction
Java-OCA-OCPP,eu.chargetime.ocpp.model.test,RemoteStopTransactionRequestTest,Unutilized Abstraction
Java-OCA-OCPP,eu.chargetime.ocpp.model.test,SetChargingProfileRequestTest,Deficient Encapsulation
Java-OCA-OCPP,eu.chargetime.ocpp.model.test,ChargingScheduleTest,Unutilized Abstraction
Java-OCA-OCPP,eu.chargetime.ocpp.model.test,MeterValuesConfirmationTest,Unutilized Abstraction
Java-OCA-OCPP,eu.chargetime.ocpp.model.test,ChangeAvailabilityRequestTest,Unutilized Abstraction
Java-OCA-OCPP,eu.chargetime.ocpp.model.test,ChangeAvailabilityRequestTest,Deficient Encapsulation
Java-OCA-OCPP,eu.chargetime.ocpp.model.test,ChangeConfigurationConfirmationTest,Unutilized Abstraction
Java-OCA-OCPP,eu.chargetime.ocpp.model.test,AuthorizeConfirmationTest,Unutilized Abstraction
Java-OCA-OCPP,eu.chargetime.ocpp.model.smartcharging,ClearChargingProfileRequestTest,Unutilized Abstraction
Java-OCA-OCPP,eu.chargetime.ocpp.model.smartcharging,ClearChargingProfileRequestTest,Deficient Encapsulation
Java-OCA-OCPP,eu.chargetime.ocpp.model.smartcharging,GetCompositeScheduleConfirmation,Unutilized Abstraction
Java-OCA-OCPP,eu.chargetime.ocpp.model.localauthlist.test,GetLocalListVersionConfirmationTest,Unutilized Abstraction
Java-OCA-OCPP,eu.chargetime.ocpp.model.localauthlist.test,GetLocalListVersionConfirmationTest,Deficient Encapsulation
Java-OCA-OCPP,eu.chargetime.ocpp.model.localauthlist.test,SendLocalListRequestTest,Unutilized Abstraction
Java-OCA-OCPP,eu.chargetime.ocpp.model.localauthlist.test,SendLocalListRequestTest,Deficient Encapsulation
Java-OCA-OCPP,eu.chargetime.ocpp.model.localauthlist.test,SendLocalListConfirmationTest,Unutilized Abstraction
Java-OCA-OCPP,eu.chargetime.ocpp.model.localauthlist.test,SendLocalListConfirmationTest,Deficient Encapsulation
Java-OCA-OCPP,eu.chargetime.ocpp.model.localauthlist.test,GetLocalListVersionRequestTest,Unutilized Abstraction
Java-OCA-OCPP,eu.chargetime.ocpp.model.securityext.test,CertificateSignedRequestTest,Unutilized Abstraction
Java-OCA-OCPP,eu.chargetime.ocpp.model.securityext.test,SignedUpdateFirmwareRequestTest,Unutilized Abstraction
Java-OCA-OCPP,eu.chargetime.ocpp.model.securityext.test,SignCertificateConfirmationTest,Unutilized Abstraction
Java-OCA-OCPP,eu.chargetime.ocpp.model.securityext.test,CertificateSignedConfirmationTest,Unutilized Abstraction
Java-OCA-OCPP,eu.chargetime.ocpp.model.securityext.test,SecurityEventNotificationConfirmationTest,Unutilized Abstraction
Java-OCA-OCPP,eu.chargetime.ocpp.model.securityext.test,GetInstalledCertificateIdsRequestTest,Unutilized Abstraction
Java-OCA-OCPP,eu.chargetime.ocpp.model.securityext.test,ExtendedTriggerMessageRequestTest,Unutilized Abstraction
Java-OCA-OCPP,eu.chargetime.ocpp.model.securityext.test,GetLogConfirmationTest,Unutilized Abstraction
Java-OCA-OCPP,eu.chargetime.ocpp.model.securityext.test,GetLogRequestTest,Unutilized Abstraction
Java-OCA-OCPP,eu.chargetime.ocpp.model.securityext.test,GetInstalledCertificateIdsConfirmationTest,Unutilized Abstraction
Java-OCA-OCPP,eu.chargetime.ocpp.model.securityext.test,SecurityEventNotificationRequestTest,Unutilized Abstraction
Java-OCA-OCPP,eu.chargetime.ocpp.model.securityext.test,DeleteCertificateConfirmationTest,Unutilized Abstraction
Java-OCA-OCPP,eu.chargetime.ocpp.model.securityext.test,LogStatusNotificationRequestTest,Unutilized Abstraction
Java-OCA-OCPP,eu.chargetime.ocpp.model.securityext.test,SignedUpdateFirmwareConfirmationTest,Unutilized Abstraction
Java-OCA-OCPP,eu.chargetime.ocpp.model.securityext.test,SignedFirmwareStatusNotificationRequestTest,Unutilized Abstraction
Java-OCA-OCPP,eu.chargetime.ocpp.model.securityext.test,DeleteCertificateRequestTest,Unutilized Abstraction
Java-OCA-OCPP,eu.chargetime.ocpp.model.securityext.test,ExtendedTriggerMessageConfirmationTest,Unutilized Abstraction
Java-OCA-OCPP,eu.chargetime.ocpp.model.securityext.test,LogStatusNotificationConfirmationTest,Unutilized Abstraction
Java-OCA-OCPP,eu.chargetime.ocpp.model.securityext.test,InstallCertificateConfirmationTest,Unutilized Abstraction
Java-OCA-OCPP,eu.chargetime.ocpp.model.securityext.test,SignCertificateRequestTest,Unutilized Abstraction
Java-OCA-OCPP,eu.chargetime.ocpp.model.securityext.test,SignedFirmwareStatusNotificationConfirmationTest,Unutilized Abstraction
Java-OCA-OCPP,eu.chargetime.ocpp.model.securityext.test,InstallCertificateRequestTest,Unutilized Abstraction
Java-OCA-OCPP,eu.chargetime.ocpp.model.securityext.test.types,CertificateHashDataTypeTest,Unutilized Abstraction
Java-OCA-OCPP,eu.chargetime.ocpp.model.securityext.test.types,LogParametersTypeTest,Unutilized Abstraction
Java-OCA-OCPP,eu.chargetime.ocpp.model.securityext.test.types,FirmwareTypeTest,Unutilized Abstraction
Java-OCA-OCPP,eu.chargetime.ocpp.model.reservation.test,ReserveNowConfirmationTest,Unutilized Abstraction
Java-OCA-OCPP,eu.chargetime.ocpp.model.reservation.test,ReserveNowRequestTest,Unutilized Abstraction
Java-OCA-OCPP,eu.chargetime.ocpp.model.reservation.test,ReserveNowRequestTest,Deficient Encapsulation
Java-OCA-OCPP,eu.chargetime.ocpp.model.reservation.test,CancelReservationRequestTest,Unutilized Abstraction
Java-OCA-OCPP,eu.chargetime.ocpp.model.reservation.test,CancelReservationConfirmationTest,Unutilized Abstraction
Java-OCA-OCPP,eu.chargetime.ocpp.feature.profile.test,ClientReservationProfileTest,Unutilized Abstraction
Java-OCA-OCPP,eu.chargetime.ocpp.feature.profile.test,ClientReservationProfileTest,Broken Hierarchy
Java-OCA-OCPP,eu.chargetime.ocpp.feature.profile.test,ClientFirmwareManagementProfileTest,Unutilized Abstraction
Java-OCA-OCPP,eu.chargetime.ocpp.feature.profile.test,ClientFirmwareManagementProfileTest,Broken Hierarchy
Java-OCA-OCPP,eu.chargetime.ocpp.feature.profile.test,ServerReservationProfileTest,Unutilized Abstraction
Java-OCA-OCPP,eu.chargetime.ocpp.feature.profile.test,ServerReservationProfileTest,Broken Hierarchy
Java-OCA-OCPP,eu.chargetime.ocpp.feature.profile.test,ServerFirmwareManagementProfileTest,Unutilized Abstraction
Java-OCA-OCPP,eu.chargetime.ocpp.feature.profile.test,ServerFirmwareManagementProfileTest,Broken Hierarchy
Java-OCA-OCPP,eu.chargetime.ocpp.feature.profile.test,ServerRemoteTriggerProfileTest,Unutilized Abstraction
Java-OCA-OCPP,eu.chargetime.ocpp.feature.profile.test,ServerRemoteTriggerProfileTest,Broken Hierarchy
Java-OCA-OCPP,eu.chargetime.ocpp.feature.profile.test,ClientSmartChargingProfileTest,Unutilized Abstraction
Java-OCA-OCPP,eu.chargetime.ocpp.feature.profile.test,ServerLocalAuthListProfileTest,Unutilized Abstraction
Java-OCA-OCPP,eu.chargetime.ocpp.feature.profile.test,ServerLocalAuthListProfileTest,Broken Hierarchy
Java-OCA-OCPP,eu.chargetime.ocpp.feature.profile.test,ClientRemoteTriggerProfileTest,Unutilized Abstraction
Java-OCA-OCPP,eu.chargetime.ocpp.feature.profile.test,ServerSmartChargingProfileTest,Unutilized Abstraction
Java-OCA-OCPP,eu.chargetime.ocpp.feature.profile.test,ServerSmartChargingProfileTest,Broken Hierarchy
Java-OCA-OCPP,eu.chargetime.ocpp.feature.profile.test,ServerCoreProfileTest,Unutilized Abstraction
Java-OCA-OCPP,eu.chargetime.ocpp.feature.profile.test,ServerCoreProfileTest,Broken Hierarchy
Java-OCA-OCPP,eu.chargetime.ocpp.feature.profile.test,ServerCoreProfileTest,Insufficient Modularization
Java-OCA-OCPP,eu.chargetime.ocpp.feature.profile.test,ClientLocalAuthListProfileTest,Unutilized Abstraction
Java-OCA-OCPP,eu.chargetime.ocpp.feature.profile.test,ClientLocalAuthListProfileTest,Broken Hierarchy
Java-OCA-OCPP,eu.chargetime.ocpp.feature.profile.test,ClientCoreProfileTest,Unutilized Abstraction
Java-OCA-OCPP,eu.chargetime.ocpp.feature.profile.test,ClientCoreProfileTest,Broken Hierarchy
Java-OCA-OCPP,eu.chargetime.ocpp.feature.profile.test,ClientCoreProfileTest,Insufficient Modularization
Java-OCA-OCPP,eu.chargetime.ocpp.feature.profile.test,ProfileTest,Unutilized Abstraction
Java-OCA-OCPP,eu.chargetime.ocpp.feature.profile.test.securityext,ClientSecurityExtProfileTest,Unutilized Abstraction
Java-OCA-OCPP,eu.chargetime.ocpp.feature.profile.test.securityext,ServerSecurityExtProfileTest,Unutilized Abstraction
Java-OCA-OCPP,eu.chargetime.ocpp,WebServiceReceiver,Broken Hierarchy
Java-OCA-OCPP,eu.chargetime.ocpp,WSHttpHandler,Unutilized Abstraction
Java-OCA-OCPP,eu.chargetime.ocpp,JSONServer,Deficient Encapsulation
Java-OCA-OCPP,eu.chargetime.ocpp,SOAPClient,Unutilized Abstraction
Java-OCA-OCPP,eu.chargetime.ocpp,SOAPServer,Unutilized Abstraction
Java-OCA-OCPP,eu.chargetime.ocpp,WebServiceTransmitter,Broken Hierarchy
Java-OCA-OCPP,eu.chargetime.ocpp,JSONClient,Deficient Encapsulation
Java-OCA-OCPP,eu.chargetime.ocpp,WSHttpEventHandler,Unutilized Abstraction
Java-OCA-OCPP,eu.chargetime.ocpp,JSONCommunicator,Multifaceted Abstraction
Java-OCA-OCPP,eu.chargetime.ocpp,ZonedDateTimeSerializer,Unutilized Abstraction
Java-OCA-OCPP,eu.chargetime.ocpp,WebSocketTransmitter,Deficient Encapsulation
Java-OCA-OCPP,eu.chargetime.ocpp,WebSocketReceiver,Unutilized Abstraction
Java-OCA-OCPP,eu.chargetime.ocpp,JSONConfiguration,Deficient Encapsulation
Java-OCA-OCPP,eu.chargetime.ocpp,JSONServer,Unutilized Abstraction
Java-OCA-OCPP,eu.chargetime.ocpp,JSONServer,Deficient Encapsulation
Java-OCA-OCPP,eu.chargetime.ocpp,IServerAPI,Unutilized Abstraction
Java-OCA-OCPP,eu.chargetime.ocpp,IClientAPI,Unutilized Abstraction
Java-OCA-OCPP,eu.chargetime.ocpp,JSONClient,Unutilized Abstraction
Java-OCA-OCPP,eu.chargetime.ocpp,JSONClient,Deficient Encapsulation
Java-OCA-OCPP,eu.chargetime.ocpp,NotConnectedException,Unnecessary Abstraction
Java-OCA-OCPP,eu.chargetime.ocpp,NotConnectedException,Unutilized Abstraction
Java-OCA-OCPP,eu.chargetime.ocpp,RequestDispatcher,Unutilized Abstraction
Java-OCA-OCPP,eu.chargetime.ocpp,RequestDispatcher,Broken Hierarchy
Java-OCA-OCPP,eu.chargetime.ocpp,CallErrorException,Unutilized Abstraction
Java-OCA-OCPP,eu.chargetime.ocpp,Receiver,Unutilized Abstraction
Java-OCA-OCPP,eu.chargetime.ocpp,EventHandler,Unutilized Abstraction
Java-OCA-OCPP,eu.chargetime.ocpp,Queue,Deficient Encapsulation
Java-OCA-OCPP,eu.chargetime.ocpp,PromiseRepository,Unutilized Abstraction
Java-OCA-OCPP,eu.chargetime.ocpp,IRequestDispactcher,Unnecessary Abstraction
Java-OCA-OCPP,eu.chargetime.ocpp,IRequestDispactcher,Unutilized Abstraction
Java-OCA-OCPP,eu.chargetime.ocpp,OccurenceConstraintException,Unnecessary Abstraction
Java-OCA-OCPP,eu.chargetime.ocpp,OccurenceConstraintException,Unutilized Abstraction
Java-OCA-OCPP,eu.chargetime.ocpp,ZonedDateTimeAdapter,Unutilized Abstraction
Java-OCA-OCPP,eu.chargetime.ocpp,ConfirmationHandler,Unutilized Abstraction
Java-OCA-OCPP,eu.chargetime.ocpp,Server,Deficient Encapsulation
Java-OCA-OCPP,eu.chargetime.ocpp,AuthenticationException,Unutilized Abstraction
Java-OCA-OCPP,eu.chargetime.ocpp,CommunicatorEventHandler,Unutilized Abstraction
Java-OCA-OCPP,eu.chargetime.ocpp,UnsupportedFeatureException,Unutilized Abstraction
Java-OCA-OCPP,eu.chargetime.ocpp,MultiProtocolJSONClient,Unutilized Abstraction
Java-OCA-OCPP,eu.chargetime.ocpp,IMultiProtocolServerAPI,Unutilized Abstraction
Java-OCA-OCPP,eu.chargetime.ocpp,IMultiProtocolClientAPI,Unutilized Abstraction
Java-OCA-OCPP,eu.chargetime.ocpp,MultiProtocolWebSocketTransmitter,Deficient Encapsulation
Java-OCA-OCPP,eu.chargetime.ocpp,MultiProtocolJSONServer,Unutilized Abstraction
Java-OCA-OCPP,eu.chargetime.ocpp.model.validation,OCPPSecurityExtDatatypes,Unutilized Abstraction
Java-OCA-OCPP,eu.chargetime.ocpp.model.validation,StringMaxLengthValidationRule,Unutilized Abstraction
Java-OCA-OCPP,eu.chargetime.ocpp.model.validation,OCPP2PrimDatatypes,Unutilized Abstraction
Java-OCA-OCPP,eu.chargetime.ocpp.model.validation,StringMaxLengthValidationRule,Unutilized Abstraction
Java-OCA-OCPP,eu.chargetime.ocpp.model.validation,IdentifierStringValidationRule,Unutilized Abstraction
Java-OCA-OCPP,eu.chargetime.ocpp.model.validation,ValidatorBuilder,Unutilized Abstraction
Java-OCA-OCPP,eu.chargetime.ocpp.model.validation,RequiredDecorator,Unutilized Abstraction
Java-OCA-OCPP,eu.chargetime.ocpp.model.validation,StringValidator,Unutilized Abstraction
Java-OCA-OCPP,eu.chargetime.ocpp.model.validation,OptionalDecorator,Unutilized Abstraction
Java-OCA-OCPP,eu.chargetime.ocpp.model,SOAPHostInfo,Deficient Encapsulation
Java-OCA-OCPP,eu.chargetime.ocpp.model,Builder,Unutilized Abstraction
Java-OCA-OCPP,eu.chargetime.ocpp.model,CallErrorMessage,Unutilized Abstraction
Java-OCA-OCPP,eu.chargetime.ocpp.model,CallErrorMessage,Broken Hierarchy
Java-OCA-OCPP,eu.chargetime.ocpp.model,RequestWithId,Unutilized Abstraction
Java-OCA-OCPP,eu.chargetime.ocpp.model,CallMessage,Unnecessary Abstraction
Java-OCA-OCPP,eu.chargetime.ocpp.model,CallMessage,Unutilized Abstraction
Java-OCA-OCPP,eu.chargetime.ocpp.model,Validatable,Unutilized Abstraction
Java-OCA-OCPP,eu.chargetime.ocpp.model,Confirmation,Unutilized Abstraction
Java-OCA-OCPP,eu.chargetime.ocpp.model,Confirmation,Broken Hierarchy
Java-OCA-OCPP,eu.chargetime.ocpp.model,CallResultMessage,Unnecessary Abstraction
Java-OCA-OCPP,eu.chargetime.ocpp.model,CallResultMessage,Unutilized Abstraction
Java-OCA-OCPP,eu.chargetime.ocpp.model,TestRequest,Unutilized Abstraction
Java-OCA-OCPP,eu.chargetime.ocpp.model,TestRequest,Broken Hierarchy
Java-OCA-OCPP,eu.chargetime.ocpp.model,TestModel,Insufficient Modularization
Java-OCA-OCPP,eu.chargetime.ocpp.model,Builder,Unutilized Abstraction
Java-OCA-OCPP,eu.chargetime.ocpp.model,TestConfirmation,Broken Hierarchy
Java-OCA-OCPP,eu.chargetime.ocpp.model,Request,Unutilized Abstraction
Java-OCA-OCPP,eu.chargetime.ocpp.feature,ClearChargingProfileFeature,Unutilized Abstraction
Java-OCA-OCPP,eu.chargetime.ocpp.feature,ClearChargingProfileFeature,Broken Hierarchy
Java-OCA-OCPP,eu.chargetime.ocpp.feature,BootNotificationFeature,Unutilized Abstraction
Java-OCA-OCPP,eu.chargetime.ocpp.feature,BootNotificationFeature,Broken Hierarchy
Java-OCA-OCPP,eu.chargetime.ocpp.feature,CancelReservationFeature,Unutilized Abstraction
Java-OCA-OCPP,eu.chargetime.ocpp.feature,CancelReservationFeature,Broken Hierarchy
Java-OCA-OCPP,eu.chargetime.ocpp.feature,UpdateFirmwareFeature,Unutilized Abstraction
Java-OCA-OCPP,eu.chargetime.ocpp.feature,UpdateFirmwareFeature,Broken Hierarchy
Java-OCA-OCPP,eu.chargetime.ocpp.feature,RemoteStartTransactionFeature,Unutilized Abstraction
Java-OCA-OCPP,eu.chargetime.ocpp.feature,RemoteStartTransactionFeature,Broken Hierarchy
Java-OCA-OCPP,eu.chargetime.ocpp.feature,StopTransactionFeature,Unutilized Abstraction
Java-OCA-OCPP,eu.chargetime.ocpp.feature,StopTransactionFeature,Broken Hierarchy
Java-OCA-OCPP,eu.chargetime.ocpp.feature,ClearCacheFeature,Unutilized Abstraction
Java-OCA-OCPP,eu.chargetime.ocpp.feature,ClearCacheFeature,Broken Hierarchy
Java-OCA-OCPP,eu.chargetime.ocpp.feature,MeterValuesFeature,Unutilized Abstraction
Java-OCA-OCPP,eu.chargetime.ocpp.feature,MeterValuesFeature,Broken Hierarchy
Java-OCA-OCPP,eu.chargetime.ocpp.feature,GetConfigurationFeature,Unutilized Abstraction
Java-OCA-OCPP,eu.chargetime.ocpp.feature,GetConfigurationFeature,Broken Hierarchy
Java-OCA-OCPP,eu.chargetime.ocpp.feature,DiagnosticsStatusNotificationFeature,Unutilized Abstraction
Java-OCA-OCPP,eu.chargetime.ocpp.feature,DiagnosticsStatusNotificationFeature,Broken Hierarchy
Java-OCA-OCPP,eu.chargetime.ocpp.feature,ReserveNowFeature,Unutilized Abstraction
Java-OCA-OCPP,eu.chargetime.ocpp.feature,ReserveNowFeature,Broken Hierarchy
Java-OCA-OCPP,eu.chargetime.ocpp.feature,TriggerMessageFeature,Unutilized Abstraction
Java-OCA-OCPP,eu.chargetime.ocpp.feature,TriggerMessageFeature,Broken Hierarchy
Java-OCA-OCPP,eu.chargetime.ocpp.feature,ChangeConfigurationFeature,Unutilized Abstraction
Java-OCA-OCPP,eu.chargetime.ocpp.feature,ChangeConfigurationFeature,Broken Hierarchy
Java-OCA-OCPP,eu.chargetime.ocpp.feature,FirmwareStatusNotificationFeature,Unutilized Abstraction
Java-OCA-OCPP,eu.chargetime.ocpp.feature,FirmwareStatusNotificationFeature,Broken Hierarchy
Java-OCA-OCPP,eu.chargetime.ocpp.feature,SendLocalListFeature,Unutilized Abstraction
Java-OCA-OCPP,eu.chargetime.ocpp.feature,SendLocalListFeature,Broken Hierarchy
Java-OCA-OCPP,eu.chargetime.ocpp.feature,ChangeAvailabilityFeature,Unutilized Abstraction
Java-OCA-OCPP,eu.chargetime.ocpp.feature,ChangeAvailabilityFeature,Broken Hierarchy
Java-OCA-OCPP,eu.chargetime.ocpp.feature,StartTransactionFeature,Unutilized Abstraction
Java-OCA-OCPP,eu.chargetime.ocpp.feature,StartTransactionFeature,Broken Hierarchy
Java-OCA-OCPP,eu.chargetime.ocpp.feature,StatusNotificationFeature,Unutilized Abstraction
Java-OCA-OCPP,eu.chargetime.ocpp.feature,StatusNotificationFeature,Broken Hierarchy
Java-OCA-OCPP,eu.chargetime.ocpp.feature,GetDiagnosticsFeature,Unutilized Abstraction
Java-OCA-OCPP,eu.chargetime.ocpp.feature,GetDiagnosticsFeature,Broken Hierarchy
Java-OCA-OCPP,eu.chargetime.ocpp.feature,SetChargingProfileFeature,Unutilized Abstraction
Java-OCA-OCPP,eu.chargetime.ocpp.feature,SetChargingProfileFeature,Broken Hierarchy
Java-OCA-OCPP,eu.chargetime.ocpp.feature,GetCompositeScheduleFeature,Unutilized Abstraction
Java-OCA-OCPP,eu.chargetime.ocpp.feature,GetCompositeScheduleFeature,Broken Hierarchy
Java-OCA-OCPP,eu.chargetime.ocpp.feature,DataTransferFeature,Unutilized Abstraction
Java-OCA-OCPP,eu.chargetime.ocpp.feature,DataTransferFeature,Broken Hierarchy
Java-OCA-OCPP,eu.chargetime.ocpp.feature,HeartbeatFeature,Unutilized Abstraction
Java-OCA-OCPP,eu.chargetime.ocpp.feature,HeartbeatFeature,Broken Hierarchy
Java-OCA-OCPP,eu.chargetime.ocpp.feature,GetLocalListVersionFeature,Unutilized Abstraction
Java-OCA-OCPP,eu.chargetime.ocpp.feature,GetLocalListVersionFeature,Broken Hierarchy
Java-OCA-OCPP,eu.chargetime.ocpp.feature,ResetFeature,Unutilized Abstraction
Java-OCA-OCPP,eu.chargetime.ocpp.feature,ResetFeature,Broken Hierarchy
Java-OCA-OCPP,eu.chargetime.ocpp.feature,RemoteStopTransactionFeature,Unutilized Abstraction
Java-OCA-OCPP,eu.chargetime.ocpp.feature,RemoteStopTransactionFeature,Broken Hierarchy
Java-OCA-OCPP,eu.chargetime.ocpp.feature,AuthorizeFeature,Unutilized Abstraction
Java-OCA-OCPP,eu.chargetime.ocpp.feature,AuthorizeFeature,Broken Hierarchy
Java-OCA-OCPP,eu.chargetime.ocpp.feature,UnlockConnectorFeature,Unutilized Abstraction
Java-OCA-OCPP,eu.chargetime.ocpp.feature,UnlockConnectorFeature,Broken Hierarchy
Java-OCA-OCPP,eu.chargetime.ocpp.feature,ProfileFeature,Unutilized Abstraction
Java-OCA-OCPP,eu.chargetime.ocpp.feature,ProfileFeature,Wide Hierarchy
Java-OCA-OCPP,eu.chargetime.ocpp.feature,FunctionFeature,Unutilized Abstraction
Java-OCA-OCPP,eu.chargetime.ocpp.feature.securityext,SecurityEventNotificationFeature,Unutilized Abstraction
Java-OCA-OCPP,eu.chargetime.ocpp.feature.securityext,ExtendedTriggerMessageFeature,Unutilized Abstraction
Java-OCA-OCPP,eu.chargetime.ocpp.feature.securityext,SignCertificateFeature,Unutilized Abstraction
Java-OCA-OCPP,eu.chargetime.ocpp.feature.securityext,GetInstalledCertificateIdsFeature,Unutilized Abstraction
Java-OCA-OCPP,eu.chargetime.ocpp.feature.securityext,SignedUpdateFirmwareFeature,Unutilized Abstraction
Java-OCA-OCPP,eu.chargetime.ocpp.feature.securityext,LogStatusNotificationFeature,Unutilized Abstraction
Java-OCA-OCPP,eu.chargetime.ocpp.feature.securityext,InstallCertificateFeature,Unutilized Abstraction
Java-OCA-OCPP,eu.chargetime.ocpp.feature.securityext,CertificateSignedFeature,Unutilized Abstraction
Java-OCA-OCPP,eu.chargetime.ocpp.feature.securityext,GetLogFeature,Unutilized Abstraction
Java-OCA-OCPP,eu.chargetime.ocpp.feature.securityext,SignedFirmwareStatusNotificationFeature,Unutilized Abstraction
Java-OCA-OCPP,eu.chargetime.ocpp.feature.securityext,DeleteCertificateFeature,Unutilized Abstraction
Java-OCA-OCPP,eu.chargetime.ocpp.feature.profile,Profile,Wide Hierarchy
Java-OCA-OCPP,eu.chargetime.ocpp.jsonserverimplementation.handler,AuthorizeHandlerTest,Unutilized Abstraction
Java-OCA-OCPP,eu.chargetime.ocpp.jsonserverimplementation.config,TestJsonServerConfig,Unutilized Abstraction
Java-OCA-OCPP,eu.chargetime.ocpp.jsonserverimplementation.config,TestServerCoreProfileConfig,Unutilized Abstraction
Java-OCA-OCPP,eu.chargetime.ocpp.jsonserverimplementation.config,TestServerEventConfig,Unutilized Abstraction
Java-OCA-OCPP,eu.chargetime.ocpp.jsonserverimplementation.config,ServerCoreProfileConfig,Unutilized Abstraction
Java-OCA-OCPP,eu.chargetime.ocpp.jsonserverimplementation.config,ApplicationConfiguration,Unnecessary Abstraction
Java-OCA-OCPP,eu.chargetime.ocpp.jsonserverimplementation.config,JsonServerConfig,Unutilized Abstraction
Java-OCA-OCPP,eu.chargetime.ocpp.jsonserverimplementation.config,ServerEventConfig,Unutilized Abstraction
Java-OCA-OCPP,eu.chargetime.ocpp.jsonserverimplementation.server,JsonServerImplTest,Unutilized Abstraction
Java-OCA-OCPP,eu.chargetime.ocpp.jsonserverimplementation,JsonServerImplementationApplicationTests,Unutilized Abstraction
Java-OCA-OCPP,eu.chargetime.ocpp.jsonclientimplementation.ocpphandler,ClientCoreEventHandlerConfig,Unutilized Abstraction
Java-OCA-OCPP,eu.chargetime.ocpp.jsonclientimplementation.ocpphandler,JsonClientConfig,Unutilized Abstraction
Java-OCA-OCPP,eu.chargetime.ocpp.jsonclientimplementation.ocpphandler,ClientCoreProfileConfig,Unutilized Abstraction
Java-OCA-OCPP,eu.chargetime.ocpp.jsonclientimplementation.ocpphandler,OCPPHandlerTest,Unutilized Abstraction
Java-OCA-OCPP,eu.chargetime.ocpp.jsonclientimplementation,JsonClientImplementationApplicationTests,Unutilized Abstraction
Java-OCA-OCPP,eu.chargetime.ocpp.jsonclientimplementation.config,ApiConfigurations,Unnecessary Abstraction
Java-OCA-OCPP,core_features,SOAPClientSample,Unutilized Abstraction
Java-OCA-OCPP,core_features,JSONServerSample,Unutilized Abstraction
Java-OCA-OCPP,core_features,JSONClientSample,Unutilized Abstraction
Java-OCA-OCPP,core_features,SOAPServerSample,Unutilized Abstraction
Java-OCA-OCPP,eu.chargetime.ocpp.wss.test,CustomSSLWebSocketServerFactoryTest,Unutilized Abstraction
Java-OCA-OCPP,eu.chargetime.ocpp.wss.test,TestSSLContext,Unutilized Abstraction
Java-OCA-OCPP,eu.chargetime.ocpp.wss.test,TestSSLContextSpi,Unutilized Abstraction
Java-OCA-OCPP,eu.chargetime.ocpp.wss.test,BaseWssFactoryBuilderTest,Unutilized Abstraction
Java-OCA-OCPP,eu.chargetime.ocpp.wss.test,BaseWssSocketBuilderTest,Unutilized Abstraction
Java-OCA-OCPP,eu.chargetime.ocpp.wss,BaseWssSocketBuilder,Deficient Encapsulation
Java-OCA-OCPP,eu.chargetime.ocpp.model.basic.types.test,SetVariableDataTypeTest,Unutilized Abstraction
Java-OCA-OCPP,eu.chargetime.ocpp.model.basic.types.test,GetVariableResultTypeTest,Unutilized Abstraction
Java-OCA-OCPP,eu.chargetime.ocpp.model.basic.types.test,ChargingStationTypeTest,Unutilized Abstraction
Java-OCA-OCPP,eu.chargetime.ocpp.model.basic.types.test,VariableTypeTest,Unutilized Abstraction
Java-OCA-OCPP,eu.chargetime.ocpp.model.basic.types,ComponentTypeTest,Unutilized Abstraction
Java-OCA-OCPP,eu.chargetime.ocpp.model.basic.test,SetVariablesRequestTest,Unutilized Abstraction
Java-OCA-OCPP,eu.chargetime.ocpp.model.basic.test,BootNotificationRequestTest,Unutilized Abstraction
Java-OCA-OCPP,eu.chargetime.ocpp.model.basic.test,BootNotificationConfirmationTest,Unutilized Abstraction
Java-OCA-OCPP,eu.chargetime.ocpp.model.basic.test,StatusNotificationRequestTest,Unutilized Abstraction
Java-OCA-OCPP,eu.chargetime.ocpp.model.basic,SetVariablesConfirmationTest,Unutilized Abstraction
Java-OCA-OCPP,eu.chargetime.ocpp.model.validation.test,IdentifierStringValidationRuleTest,Unutilized Abstraction
Java-OCA-OCPP,eu.chargetime.ocpp.features.basic,BootNotificationFeature,Unutilized Abstraction
Java-OCA-OCPP,eu.chargetime.ocpp.features.basic,StatusNotificationFeature,Unutilized Abstraction
Java-OCA-OCPP,eu.chargetime.ocpp.utilities.test,StopwatchTest,Unutilized Abstraction
Java-OCA-OCPP,eu.chargetime.ocpp.utilities.test,ModelUtilTest,Unutilized Abstraction
Java-OCA-OCPP,eu.chargetime.ocpp.utilities.test,MoreObjectsTest,Unutilized Abstraction
Java-OCA-OCPP,eu.chargetime.ocpp.utilities.test,MoreObjectsTest,Insufficient Modularization
Java-OCA-OCPP,eu.chargetime.ocpp.utilities.test,TestObjectClassWithSecureField,Unutilized Abstraction
Java-OCA-OCPP,eu.chargetime.ocpp.utilities.test,TestObjectClassWithContainer,Unutilized Abstraction
Java-OCA-OCPP,eu.chargetime.ocpp.utilities.test,TestObjectClassWithList,Unutilized Abstraction
Java-OCA-OCPP,eu.chargetime.ocpp.utilities.test,TestObjectClassWithSet,Unutilized Abstraction
Java-OCA-OCPP,eu.chargetime.ocpp.utilities.test,TestObjectClassWithMap,Unutilized Abstraction
Java-OCA-OCPP,eu.chargetime.ocpp.utilities.test,TestObjectClassWithQueue,Unutilized Abstraction
Java-OCA-OCPP,eu.chargetime.ocpp.utilities.test,TestObjectClassWithShortArray,Unutilized Abstraction
Java-OCA-OCPP,eu.chargetime.ocpp.utilities.test,TestObjectClassWithLongArray,Unutilized Abstraction
Java-OCA-OCPP,eu.chargetime.ocpp.utilities.test,TestPrimitiveArraysObjectClass,Unutilized Abstraction
Java-OCA-OCPP,eu.chargetime.ocpp.utilities,MoreObjects,Deficient Encapsulation
Java-OCA-OCPP,eu.chargetime.ocpp.utilities,MoreObjects,Insufficient Modularization
Java-OCA-OCPP,eu.chargetime.ocpp.utilities,ToStringHelper,Deficient Encapsulation
Java-OCA-OCPP,eu.chargetime.ocpp.utilities,ToStringHelper,Insufficient Modularization
Java-OCA-OCPP,eu.chargetime.ocpp.utilities,ValueHolder,Unnecessary Abstraction
Java-OCA-OCPP,eu.chargetime.ocpp.v201.model.messages,BootNotificationRequestTest,Unutilized Abstraction
Java-OCA-OCPP,eu.chargetime.ocpp.v201.model.messages,ReportChargingProfilesRequest,Insufficient Modularization
Java-OCA-OCPP,eu.chargetime.ocpp.v201.model.messages,NotifyCustomerInformationRequest,Insufficient Modularization
Java-OCA-OCPP,eu.chargetime.ocpp.v201.model.messages,ReserveNowRequest,Insufficient Modularization
Java-OCA-OCPP,eu.chargetime.ocpp.v201.model.messages,TransactionEventRequest,Insufficient Modularization
Java-OCA-OCPP,eu.chargetime.ocpp.v201.model.messages,GetDisplayMessagesRequest,Insufficient Modularization
Java-OCA-OCPP,eu.chargetime.ocpp.v201.model.messages,RequestStartTransactionRequest,Insufficient Modularization
Java-OCA-OCPP,eu.chargetime.ocpp.v201.model.messages,PublishFirmwareRequest,Insufficient Modularization
Java-OCA-OCPP,eu.chargetime.ocpp.v201.model.messages,GetLogRequest,Insufficient Modularization
Java-OCA-OCPP,eu.chargetime.ocpp.v201.model.messages,TransactionEventResponse,Insufficient Modularization
Java-OCA-OCPP,eu.chargetime.ocpp.v201.model.messages,NotifyMonitoringReportRequest,Insufficient Modularization
Java-OCA-OCPP,eu.chargetime.ocpp.v201.model.messages,NotifyReportRequest,Insufficient Modularization
Java-OCA-OCPP,eu.chargetime.ocpp.v201.model.messages,CustomerInformationRequest,Insufficient Modularization
Java-OCA-OCPP,eu.chargetime.ocpp.v201.model.types,ChargingStation,Insufficient Modularization
Java-OCA-OCPP,eu.chargetime.ocpp.v201.model.types,VPN,Insufficient Modularization
Java-OCA-OCPP,eu.chargetime.ocpp.v201.model.types,DCChargingParameters,Insufficient Modularization
Java-OCA-OCPP,eu.chargetime.ocpp.v201.model.types,SampledValue,Insufficient Modularization
Java-OCA-OCPP,eu.chargetime.ocpp.v201.model.types,VariableAttribute,Insufficient Modularization
Java-OCA-OCPP,eu.chargetime.ocpp.v201.model.types,VariableCharacteristics,Insufficient Modularization
Java-OCA-OCPP,eu.chargetime.ocpp.v201.model.types,IdTokenInfo,Insufficient Modularization
Java-OCA-OCPP,eu.chargetime.ocpp.v201.model.types,GetVariableResult,Insufficient Modularization
Java-OCA-OCPP,eu.chargetime.ocpp.v201.model.types,NetworkConnectionProfile,Insufficient Modularization
Java-OCA-OCPP,eu.chargetime.ocpp.v201.model.types,EventData,Insufficient Modularization
Java-OCA-OCPP,eu.chargetime.ocpp.v201.model.types,ChargingProfileCriterion,Insufficient Modularization
Java-OCA-OCPP,eu.chargetime.ocpp.v201.model.types,SetVariableResult,Insufficient Modularization
Java-OCA-OCPP,eu.chargetime.ocpp.v201.model.types,Firmware,Insufficient Modularization
Java-OCA-OCPP,eu.chargetime.ocpp.v201.model.types,MessageInfo,Insufficient Modularization
Java-OCA-OCPP,eu.chargetime.ocpp.v201.model.types,APN,Insufficient Modularization
Java-OCA-OCPP,eu.chargetime.ocpp.v201.model.types,ChargingProfile,Insufficient Modularization
Java-OCA-OCPP,eu.chargetime.ocpp.v201.model.types,SetMonitoringResult,Insufficient Modularization
Java-OCA-OCPP,eu.chargetime.ocpp.v201.model.types,SetMonitoringData,Insufficient Modularization
Java-OCA-OCPP,eu.chargetime.ocpp.v201.model.types,ChargingSchedule,Insufficient Modularization
Java-OCA-OCPP,eu.chargetime.ocpp.v201.model.types,Transaction,Insufficient Modularization
Java-OCA-OCPP,eu.chargetime.ocpp.v201.feature,NotifyCustomerInformationFeature,Unutilized Abstraction
Java-OCA-OCPP,eu.chargetime.ocpp.v201.feature,ClearChargingProfileFeature,Unutilized Abstraction
Java-OCA-OCPP,eu.chargetime.ocpp.v201.feature,BootNotificationFeature,Unutilized Abstraction
Java-OCA-OCPP,eu.chargetime.ocpp.v201.feature,CancelReservationFeature,Unutilized Abstraction
Java-OCA-OCPP,eu.chargetime.ocpp.v201.feature,GetReportFeature,Unutilized Abstraction
Java-OCA-OCPP,eu.chargetime.ocpp.v201.feature,ReportChargingProfilesFeature,Unutilized Abstraction
Java-OCA-OCPP,eu.chargetime.ocpp.v201.feature,SetVariablesFeature,Unutilized Abstraction
Java-OCA-OCPP,eu.chargetime.ocpp.v201.feature,UpdateFirmwareFeature,Unutilized Abstraction
Java-OCA-OCPP,eu.chargetime.ocpp.v201.feature,SecurityEventNotificationFeature,Unutilized Abstraction
Java-OCA-OCPP,eu.chargetime.ocpp.v201.feature,ClearCacheFeature,Unutilized Abstraction
Java-OCA-OCPP,eu.chargetime.ocpp.v201.feature,MeterValuesFeature,Unutilized Abstraction
Java-OCA-OCPP,eu.chargetime.ocpp.v201.feature,GetMonitoringReportFeature,Unutilized Abstraction
Java-OCA-OCPP,eu.chargetime.ocpp.v201.feature,SignCertificateFeature,Unutilized Abstraction
Java-OCA-OCPP,eu.chargetime.ocpp.v201.feature,SetVariableMonitoringFeature,Unutilized Abstraction
Java-OCA-OCPP,eu.chargetime.ocpp.v201.feature,ReserveNowFeature,Unutilized Abstraction
Java-OCA-OCPP,eu.chargetime.ocpp.v201.feature,SetMonitoringBaseFeature,Unutilized Abstraction
Java-OCA-OCPP,eu.chargetime.ocpp.v201.feature,GetChargingProfilesFeature,Unutilized Abstraction
Java-OCA-OCPP,eu.chargetime.ocpp.v201.feature,CostUpdatedFeature,Unutilized Abstraction
Java-OCA-OCPP,eu.chargetime.ocpp.v201.feature,TriggerMessageFeature,Unutilized Abstraction
Java-OCA-OCPP,eu.chargetime.ocpp.v201.feature,RequestStopTransactionFeature,Unutilized Abstraction
Java-OCA-OCPP,eu.chargetime.ocpp.v201.feature,Get15118EVCertificateFeature,Unutilized Abstraction
Java-OCA-OCPP,eu.chargetime.ocpp.v201.feature,FirmwareStatusNotificationFeature,Unutilized Abstraction
Java-OCA-OCPP,eu.chargetime.ocpp.v201.feature,SendLocalListFeature,Unutilized Abstraction
Java-OCA-OCPP,eu.chargetime.ocpp.v201.feature,ChangeAvailabilityFeature,Unutilized Abstraction
Java-OCA-OCPP,eu.chargetime.ocpp.v201.feature,GetCertificateStatusFeature,Unutilized Abstraction
Java-OCA-OCPP,eu.chargetime.ocpp.v201.feature,GetInstalledCertificateIdsFeature,Unutilized Abstraction
Java-OCA-OCPP,eu.chargetime.ocpp.v201.feature,GetBaseReportFeature,Unutilized Abstraction
Java-OCA-OCPP,eu.chargetime.ocpp.v201.feature,SetNetworkProfileFeature,Unutilized Abstraction
Java-OCA-OCPP,eu.chargetime.ocpp.v201.feature,NotifyDisplayMessagesFeature,Unutilized Abstraction
Java-OCA-OCPP,eu.chargetime.ocpp.v201.feature,GetDisplayMessagesFeature,Unutilized Abstraction
Java-OCA-OCPP,eu.chargetime.ocpp.v201.feature,TransactionEventFeature,Unutilized Abstraction
Java-OCA-OCPP,eu.chargetime.ocpp.v201.feature,ClearedChargingLimitFeature,Unutilized Abstraction
Java-OCA-OCPP,eu.chargetime.ocpp.v201.feature,ClearVariableMonitoringFeature,Unutilized Abstraction
Java-OCA-OCPP,eu.chargetime.ocpp.v201.feature,StatusNotificationFeature,Unutilized Abstraction
Java-OCA-OCPP,eu.chargetime.ocpp.v201.feature,GetTransactionStatusFeature,Unutilized Abstraction
Java-OCA-OCPP,eu.chargetime.ocpp.v201.feature,SetDisplayMessageFeature,Unutilized Abstraction
Java-OCA-OCPP,eu.chargetime.ocpp.v201.feature,LogStatusNotificationFeature,Unutilized Abstraction
Java-OCA-OCPP,eu.chargetime.ocpp.v201.feature,InstallCertificateFeature,Unutilized Abstraction
Java-OCA-OCPP,eu.chargetime.ocpp.v201.feature,SetChargingProfileFeature,Unutilized Abstraction
Java-OCA-OCPP,eu.chargetime.ocpp.v201.feature,RequestStartTransactionFeature,Unutilized Abstraction
Java-OCA-OCPP,eu.chargetime.ocpp.v201.feature,NotifyChargingLimitFeature,Unutilized Abstraction
Java-OCA-OCPP,eu.chargetime.ocpp.v201.feature,PublishFirmwareFeature,Unutilized Abstraction
Java-OCA-OCPP,eu.chargetime.ocpp.v201.feature,CertificateSignedFeature,Unutilized Abstraction
Java-OCA-OCPP,eu.chargetime.ocpp.v201.feature,GetCompositeScheduleFeature,Unutilized Abstraction
Java-OCA-OCPP,eu.chargetime.ocpp.v201.feature,DataTransferFeature,Unutilized Abstraction
Java-OCA-OCPP,eu.chargetime.ocpp.v201.feature,GetLogFeature,Unutilized Abstraction
Java-OCA-OCPP,eu.chargetime.ocpp.v201.feature,GetVariablesFeature,Unutilized Abstraction
Java-OCA-OCPP,eu.chargetime.ocpp.v201.feature,HeartbeatFeature,Unutilized Abstraction
Java-OCA-OCPP,eu.chargetime.ocpp.v201.feature,UnpublishFirmwareFeature,Unutilized Abstraction
Java-OCA-OCPP,eu.chargetime.ocpp.v201.feature,GetLocalListVersionFeature,Unutilized Abstraction
Java-OCA-OCPP,eu.chargetime.ocpp.v201.feature,ClearDisplayMessageFeature,Unutilized Abstraction
Java-OCA-OCPP,eu.chargetime.ocpp.v201.feature,ReservationStatusUpdateFeature,Unutilized Abstraction
Java-OCA-OCPP,eu.chargetime.ocpp.v201.feature,NotifyEventFeature,Unutilized Abstraction
Java-OCA-OCPP,eu.chargetime.ocpp.v201.feature,ResetFeature,Unutilized Abstraction
Java-OCA-OCPP,eu.chargetime.ocpp.v201.feature,NotifyMonitoringReportFeature,Unutilized Abstraction
Java-OCA-OCPP,eu.chargetime.ocpp.v201.feature,NotifyReportFeature,Unutilized Abstraction
Java-OCA-OCPP,eu.chargetime.ocpp.v201.feature,NotifyEVChargingScheduleFeature,Unutilized Abstraction
Java-OCA-OCPP,eu.chargetime.ocpp.v201.feature,PublishFirmwareStatusNotificationFeature,Unutilized Abstraction
Java-OCA-OCPP,eu.chargetime.ocpp.v201.feature,SetMonitoringLevelFeature,Unutilized Abstraction
Java-OCA-OCPP,eu.chargetime.ocpp.v201.feature,CustomerInformationFeature,Unutilized Abstraction
Java-OCA-OCPP,eu.chargetime.ocpp.v201.feature,NotifyEVChargingNeedsFeature,Unutilized Abstraction
Java-OCA-OCPP,eu.chargetime.ocpp.v201.feature,DeleteCertificateFeature,Unutilized Abstraction
Java-OCA-OCPP,eu.chargetime.ocpp.v201.feature,AuthorizeFeature,Unutilized Abstraction
Java-OCA-OCPP,eu.chargetime.ocpp.v201.feature,UnlockConnectorFeature,Unutilized Abstraction
Java-OCA-OCPP,eu.chargetime.ocpp.v201.feature.function,ClientAuthorizationFunction,Unutilized Abstraction
Java-OCA-OCPP,eu.chargetime.ocpp.v201.feature.function,ServerSmartChargingFunction,Unutilized Abstraction
Java-OCA-OCPP,eu.chargetime.ocpp.v201.feature.function,ClientTariffAndCostFunction,Unutilized Abstraction
Java-OCA-OCPP,eu.chargetime.ocpp.v201.feature.function,ClientLocalAuthorizationListManagementFunction,Unutilized Abstraction
Java-OCA-OCPP,eu.chargetime.ocpp.v201.feature.function,ClientISO15118CertificateManagementFunction,Unutilized Abstraction
Java-OCA-OCPP,eu.chargetime.ocpp.v201.feature.function,ServerRemoteControlFunction,Unutilized Abstraction
Java-OCA-OCPP,eu.chargetime.ocpp.v201.feature.function,ClientReservationFunction,Unutilized Abstraction
Java-OCA-OCPP,eu.chargetime.ocpp.v201.feature.function,ServerLocalAuthorizationListManagementFunction,Unutilized Abstraction
Java-OCA-OCPP,eu.chargetime.ocpp.v201.feature.function,ClientDisplayMessageFunction,Unutilized Abstraction
Java-OCA-OCPP,eu.chargetime.ocpp.v201.feature.function,ServerTariffAndCostFunction,Unutilized Abstraction
Java-OCA-OCPP,eu.chargetime.ocpp.v201.feature.function,ClientSmartChargingFunction,Unutilized Abstraction
Java-OCA-OCPP,eu.chargetime.ocpp.v201.feature.function,ServerAuthorizationFunction,Unutilized Abstraction
Java-OCA-OCPP,eu.chargetime.ocpp.v201.feature.function,ClientFirmwareManagementFunction,Unutilized Abstraction
Java-OCA-OCPP,eu.chargetime.ocpp.v201.feature.function,ServerReservationFunction,Unutilized Abstraction
Java-OCA-OCPP,eu.chargetime.ocpp.v201.feature.function,ClientSecurityFunction,Unutilized Abstraction
Java-OCA-OCPP,eu.chargetime.ocpp.v201.feature.function,ServerDisplayMessageFunction,Unutilized Abstraction
Java-OCA-OCPP,eu.chargetime.ocpp.v201.feature.function,ClientRemoteControlFunction,Unutilized Abstraction
Java-OCA-OCPP,eu.chargetime.ocpp.v201.feature.function,ClientDiagnosticsFunction,Unutilized Abstraction
Java-OCA-OCPP,eu.chargetime.ocpp.v201.feature.function,ClientAvailabilityFunction,Unutilized Abstraction
Java-OCA-OCPP,eu.chargetime.ocpp.v201.feature.function,ServerMeterValuesFunction,Unutilized Abstraction
Java-OCA-OCPP,eu.chargetime.ocpp.v201.feature.function,ServerTransactionsFunction,Unutilized Abstraction
Java-OCA-OCPP,eu.chargetime.ocpp.v201.feature.function,ClientDataTransferFunction,Unutilized Abstraction
Java-OCA-OCPP,eu.chargetime.ocpp.v201.feature.function,ServerDiagnosticsFunction,Unutilized Abstraction
Java-OCA-OCPP,eu.chargetime.ocpp.v201.feature.function,ServerDataTransferFunction,Unutilized Abstraction
Java-OCA-OCPP,eu.chargetime.ocpp.v201.feature.function,ClientTransactionsFunction,Unutilized Abstraction
Java-OCA-OCPP,eu.chargetime.ocpp.v201.feature.function,ServerSecurityFunction,Unutilized Abstraction
Java-OCA-OCPP,eu.chargetime.ocpp.v201.feature.function,ServerProvisioningFunction,Unutilized Abstraction
Java-OCA-OCPP,eu.chargetime.ocpp.v201.feature.function,ServerFirmwareManagementFunction,Unutilized Abstraction
Java-OCA-OCPP,eu.chargetime.ocpp.v201.feature.function,ServerAvailabilityFunction,Unutilized Abstraction
Java-OCA-OCPP,eu.chargetime.ocpp.v201.feature.function,ServerISO15118CertificateManagementFunction,Unutilized Abstraction
Java-OCA-OCPP,eu.chargetime.ocpp.v201.feature.function,ClientMeterValuesFunction,Unutilized Abstraction
