Project Name,Package Name,Type Name,NOF,NOPF,NOM,NOPM,LOC,WMC,NC,DIT,LCOM,FANIN,FANOUT
Java-OCA-OCPP,eu.chargetime.ocpp.test,OCPP201MultiProtocolIntegrationTest,5,0,7,4,69,8,0,0,0.0,0,2
Java-OCA-OCPP,eu.chargetime.ocpp.test,OCPP201MultiProtocolFakeChargingStation,2,0,11,10,111,20,0,1,0.7272727272727273,0,9
Java-OCA-OCPP,eu.chargetime.ocpp.test,OCPP201MultiProtocolFakeCSMS,2,0,4,4,40,6,0,1,0.0,0,2
Java-OCA-OCPP,eu.chargetime.ocpp.test,OCPP201MultiProtocolDummyHandlers,0,0,4,4,22,4,0,1,-1.0,1,6
Java-OCA-OCPP,eu.chargetime.ocpp.test,FakeCSMS,0,0,3,0,8,3,1,0,-1.0,1,0
Java-OCA-OCPP,eu.chargetime.ocpp.test,FakeChargingStation,0,0,4,0,9,4,1,0,-1.0,1,0
Java-OCA-OCPP,eu.chargetime.ocpp.test,SOAPTestClient,9,0,10,8,87,11,0,0,0.0,0,5
Java-OCA-OCPP,eu.chargetime.ocpp.test,TestSessionFactory,1,0,2,2,9,2,0,0,0.0,0,0
Java-OCA-OCPP,eu.chargetime.ocpp.test,FakeCentralSystem,4,0,72,69,332,81,0,0,0.0,0,23
Java-OCA-OCPP,eu.chargetime.ocpp.test,JSONTestClient,6,1,8,8,43,8,0,0,0.0,0,4
Java-OCA-OCPP,eu.chargetime.ocpp.test,FakeChargePoint,12,0,88,87,404,94,1,0,0.045454545454545456,0,15
Java-OCA-OCPP,eu.chargetime.ocpp.test,JSONTestServer,5,1,9,9,45,9,0,0,0.0,0,4
Java-OCA-OCPP,eu.chargetime.ocpp.test,SOAPTestServer,3,0,9,9,40,9,0,0,0.0,0,4
Java-OCA-OCPP,eu.chargetime.ocpp.test,DummyHandlers,5,0,31,30,161,32,1,0,0.0967741935483871,1,7
Java-OCA-OCPP,eu.chargetime.ocpp.test,FakeCentral,1,0,1,1,8,2,0,0,0.0,0,0
Java-OCA-OCPP,eu.chargetime.ocpp.test,FeatureTestDecorator,2,0,6,5,24,6,0,0,0.3333333333333333,2,3
Java-OCA-OCPP,eu.chargetime.ocpp.test,IRequestMonitor,0,0,1,0,3,1,0,0,-1.0,1,1
Java-OCA-OCPP,eu.chargetime.ocpp.test,FakeCentralSystem,8,0,10,10,52,13,0,0,0.2,0,7
Java-OCA-OCPP,eu.chargetime.ocpp.test,FakeChargePoint,4,0,9,9,37,11,0,0,0.3333333333333333,0,4
Java-OCA-OCPP,eu.chargetime.ocpp.test,JSONCommunicatorTest,2,0,20,19,126,20,0,0,0.0,0,5
Java-OCA-OCPP,eu.chargetime.ocpp.test,TimeoutSessionTest,4,0,7,7,41,7,0,0,0.0,0,4
Java-OCA-OCPP,eu.chargetime.ocpp.test,SOAPCommunicatorTest,5,0,18,18,141,18,0,0,0.0,1,6
Java-OCA-OCPP,eu.chargetime.ocpp.test,SessionTest,8,0,15,15,95,15,0,0,0.3333333333333333,0,3
Java-OCA-OCPP,eu.chargetime.ocpp.test,FeatureRepositoryTest,2,0,6,5,31,6,0,0,0.6666666666666666,0,3
Java-OCA-OCPP,eu.chargetime.ocpp.test,TestFeature,0,0,4,4,14,4,0,0,-1.0,1,1
Java-OCA-OCPP,eu.chargetime.ocpp.test,QueueTest,1,0,6,6,36,6,0,0,0.0,0,2
Java-OCA-OCPP,eu.chargetime.ocpp.test,ClientTest,9,0,9,9,62,9,0,0,0.0,0,4
Java-OCA-OCPP,eu.chargetime.ocpp.test,CommunicatorTest,6,0,19,14,128,19,0,0,0.47368421052631576,0,3
Java-OCA-OCPP,eu.chargetime.ocpp.test,SimpleRequestDispatcherTest,2,0,2,2,16,2,0,0,0.0,0,2
Java-OCA-OCPP,eu.chargetime.ocpp.test,ServerTest,14,0,6,6,55,6,0,0,0.0,0,3
Java-OCA-OCPP,eu.chargetime.ocpp.test.features,GetVariables,2,0,6,5,43,6,0,0,0.3333333333333333,0,3
Java-OCA-OCPP,eu.chargetime.ocpp.test.features,SetVariables,2,0,6,5,43,6,0,0,0.3333333333333333,0,3
Java-OCA-OCPP,eu.chargetime.ocpp.test.features,StatusNotification,2,0,5,5,25,5,0,0,0.4,0,3
Java-OCA-OCPP,eu.chargetime.ocpp.test.features,BootNotification,2,0,5,5,30,5,0,0,0.4,0,4
Java-OCA-OCPP,eu.chargetime.ocpp.model.firmware.test,UpdateFirmwareConfirmationTest,1,0,2,2,10,2,0,0,0.0,0,1
Java-OCA-OCPP,eu.chargetime.ocpp.model.firmware.test,GetDiagnosticsConfirmationTest,2,1,4,4,22,4,0,0,0.0,0,2
Java-OCA-OCPP,eu.chargetime.ocpp.model.firmware.test,FirmwareStatusNotificationConfirmationTest,1,0,2,2,10,2,0,0,0.0,0,1
Java-OCA-OCPP,eu.chargetime.ocpp.model.firmware.test,UpdateFirmwareRequestTest,2,1,13,10,57,13,0,0,0.0,0,2
Java-OCA-OCPP,eu.chargetime.ocpp.model.firmware.test,DiagnosticsStatusNotificationRequestTest,2,1,4,4,22,4,0,0,0.0,0,2
Java-OCA-OCPP,eu.chargetime.ocpp.model.firmware.test,FirmwareStatusNotificationRequestTest,2,1,4,4,22,4,0,0,0.0,0,2
Java-OCA-OCPP,eu.chargetime.ocpp.model.firmware.test,DiagnosticsStatusNotificationConfirmationTest,1,0,2,2,10,2,0,0,0.0,0,1
Java-OCA-OCPP,eu.chargetime.ocpp.model.firmware.test,GetDiagnosticsRequestTest,1,0,3,3,16,3,0,0,0.0,0,1
Java-OCA-OCPP,eu.chargetime.ocpp.model.core.test,BootNotificationRequestTest,2,1,8,8,28,8,0,0,0.0,0,1
Java-OCA-OCPP,eu.chargetime.ocpp.model.core,MeterValuesRequestTest,0,0,3,3,23,3,0,0,-1.0,0,3
Java-OCA-OCPP,eu.chargetime.ocpp.model.core,StopTransactionConfirmation,1,0,6,6,39,9,0,0,0.0,2,3
Java-OCA-OCPP,eu.chargetime.ocpp.model.core,BootNotificationRequest,13,0,26,25,208,37,0,0,0.11538461538461539,5,3
Java-OCA-OCPP,eu.chargetime.ocpp.model.core,ClearCacheRequest,0,0,5,5,20,5,0,0,-1.0,2,2
Java-OCA-OCPP,eu.chargetime.ocpp.model.core,StopTransactionRequest,6,0,21,21,154,26,0,0,0.14285714285714285,2,4
Java-OCA-OCPP,eu.chargetime.ocpp.model.core,RemoteStartTransactionRequest,3,0,13,13,93,19,0,0,0.23076923076923078,2,4
Java-OCA-OCPP,eu.chargetime.ocpp.model.core,GetConfigurationRequest,1,0,8,7,46,12,0,0,0.25,2,3
Java-OCA-OCPP,eu.chargetime.ocpp.model.core,MeterValuesRequest,3,0,13,13,90,18,0,0,0.23076923076923078,3,3
Java-OCA-OCPP,eu.chargetime.ocpp.model.core,ChangeConfigurationRequest,5,0,14,11,85,18,0,0,0.21428571428571427,2,3
Java-OCA-OCPP,eu.chargetime.ocpp.model.core,SampledValue,8,0,26,22,182,32,0,0,0.07692307692307693,5,3
Java-OCA-OCPP,eu.chargetime.ocpp.model.core,UnlockConnectorConfirmation,1,0,9,9,54,11,0,0,0.2222222222222222,2,2
Java-OCA-OCPP,eu.chargetime.ocpp.model.core,MeterValue,2,0,11,11,77,15,0,0,0.18181818181818182,7,3
Java-OCA-OCPP,eu.chargetime.ocpp.model.core,DataTransferConfirmation,2,0,11,11,69,13,0,0,0.18181818181818182,2,2
Java-OCA-OCPP,eu.chargetime.ocpp.model.core,ChangeAvailabilityRequest,2,0,12,12,77,15,0,0,0.25,2,2
Java-OCA-OCPP,eu.chargetime.ocpp.model.core,ResetConfirmation,1,0,9,9,54,11,0,0,0.2222222222222222,2,2
Java-OCA-OCPP,eu.chargetime.ocpp.model.core,MeterValuesConfirmation,0,0,4,4,16,4,0,0,-1.0,2,2
Java-OCA-OCPP,eu.chargetime.ocpp.model.core,StartTransactionRequest,7,0,18,18,135,22,0,0,0.16666666666666666,2,3
Java-OCA-OCPP,eu.chargetime.ocpp.model.core,StatusNotificationRequest,8,0,26,24,185,32,0,0,0.11538461538461539,2,3
Java-OCA-OCPP,eu.chargetime.ocpp.model.core,KeyValueType,4,0,16,12,101,21,0,0,0.125,4,3
Java-OCA-OCPP,eu.chargetime.ocpp.model.core,BootNotificationConfirmation,3,0,14,14,102,17,0,0,0.14285714285714285,4,2
Java-OCA-OCPP,eu.chargetime.ocpp.model.core,StatusNotificationConfirmation,0,0,4,4,14,4,0,0,-1.0,2,2
Java-OCA-OCPP,eu.chargetime.ocpp.model.core,ChangeAvailabilityConfirmation,1,0,9,9,54,11,0,0,0.2222222222222222,2,2
Java-OCA-OCPP,eu.chargetime.ocpp.model.core,StartTransactionConfirmation,2,0,10,10,67,13,0,0,0.2,2,3
Java-OCA-OCPP,eu.chargetime.ocpp.model.core,HeartbeatRequest,0,0,5,5,20,5,0,0,-1.0,2,2
Java-OCA-OCPP,eu.chargetime.ocpp.model.core,GetConfigurationConfirmation,3,0,10,8,71,17,0,0,0.0,2,4
Java-OCA-OCPP,eu.chargetime.ocpp.model.core,DataTransferRequest,4,0,16,13,96,20,0,0,0.1875,2,3
Java-OCA-OCPP,eu.chargetime.ocpp.model.core,ChargingSchedulePeriod,3,0,12,12,82,14,0,0,0.16666666666666666,4,2
Java-OCA-OCPP,eu.chargetime.ocpp.model.core,RemoteStartTransactionConfirmation,1,0,9,9,54,11,0,0,0.2222222222222222,2,2
Java-OCA-OCPP,eu.chargetime.ocpp.model.core,ClearCacheConfirmation,1,0,9,9,54,11,0,0,0.2222222222222222,2,2
Java-OCA-OCPP,eu.chargetime.ocpp.model.core,ChargingProfile,9,0,30,30,233,34,0,0,0.06666666666666667,5,3
Java-OCA-OCPP,eu.chargetime.ocpp.model.core,ResetRequest,1,0,10,10,57,12,0,0,0.3,3,2
Java-OCA-OCPP,eu.chargetime.ocpp.model.core,ChargingSchedule,5,0,18,18,127,22,0,0,0.1111111111111111,4,3
Java-OCA-OCPP,eu.chargetime.ocpp.model.core,RemoteStopTransactionRequest,1,0,9,9,50,11,0,0,0.3333333333333333,2,2
Java-OCA-OCPP,eu.chargetime.ocpp.model.core,IdTagInfo,3,0,14,14,93,16,0,0,0.14285714285714285,9,2
Java-OCA-OCPP,eu.chargetime.ocpp.model.core,HeartbeatConfirmation,1,0,9,9,54,11,0,0,0.2222222222222222,2,2
Java-OCA-OCPP,eu.chargetime.ocpp.model.core,AuthorizeRequest,3,0,9,9,55,12,0,0,0.3333333333333333,4,3
Java-OCA-OCPP,eu.chargetime.ocpp.model.core,AuthorizeConfirmation,1,0,8,8,49,11,0,0,0.25,4,3
Java-OCA-OCPP,eu.chargetime.ocpp.model.core,UnlockConnectorRequest,1,0,9,9,53,12,0,0,0.3333333333333333,2,2
Java-OCA-OCPP,eu.chargetime.ocpp.model.core,ChangeConfigurationConfirmation,1,0,9,9,54,11,0,0,0.2222222222222222,2,2
Java-OCA-OCPP,eu.chargetime.ocpp.model.core,RemoteStopTransactionConfirmation,1,0,9,9,54,11,0,0,0.2222222222222222,2,2
Java-OCA-OCPP,eu.chargetime.ocpp.model.test,ChargingProfileTest,2,1,17,15,93,17,0,0,0.0,0,1
Java-OCA-OCPP,eu.chargetime.ocpp.model.test,SetChargingProfileConfirmationTest,1,0,3,3,15,3,0,0,0.0,0,1
Java-OCA-OCPP,eu.chargetime.ocpp.model.test,SampledValueTest,2,1,70,70,356,70,0,0,0.0,0,2
Java-OCA-OCPP,eu.chargetime.ocpp.model.test,StopTransactionRequestTest,2,1,15,15,84,15,0,0,0.0,0,3
Java-OCA-OCPP,eu.chargetime.ocpp.model.test,IdTagInfoTest,1,0,3,3,15,3,0,0,0.0,0,1
Java-OCA-OCPP,eu.chargetime.ocpp.model.test,RemoteStartTransactionConfirmationTest,1,0,4,4,20,4,0,0,0.0,0,1
Java-OCA-OCPP,eu.chargetime.ocpp.model.test,ResetConfirmationTest,1,0,4,4,20,4,0,0,0.0,0,1
Java-OCA-OCPP,eu.chargetime.ocpp.model.test,ChangeAvailabilityConfirmationTest,1,0,4,4,20,4,0,0,0.0,0,1
Java-OCA-OCPP,eu.chargetime.ocpp.model.test,MeterValueTest,2,0,7,7,40,7,0,0,0.0,0,2
Java-OCA-OCPP,eu.chargetime.ocpp.model.test,KeyValueTypeTest,2,1,11,11,60,11,0,0,0.0,0,2
Java-OCA-OCPP,eu.chargetime.ocpp.model.test,UnlockConnectorRequestTest,2,1,9,8,39,9,0,0,0.0,0,2
Java-OCA-OCPP,eu.chargetime.ocpp.model.test,StatusNotificationConfirmationTest,1,0,2,2,10,2,0,0,0.0,0,1
Java-OCA-OCPP,eu.chargetime.ocpp.model.test,AuthorizeRequestTest,2,1,6,6,31,6,0,0,0.0,0,2
Java-OCA-OCPP,eu.chargetime.ocpp.model.test,RemoteStopTransactionConfirmationTest,1,0,4,4,20,4,0,0,0.0,0,1
Java-OCA-OCPP,eu.chargetime.ocpp.model.test,RemoteStartTransactionRequestTest,2,1,12,10,54,12,0,0,0.0,0,3
Java-OCA-OCPP,eu.chargetime.ocpp.model.test,StartTransactionRequestTest,2,1,14,13,67,14,0,0,0.0,0,2
Java-OCA-OCPP,eu.chargetime.ocpp.model.test,BootNotificationRequestTest,7,1,24,22,107,24,0,0,0.0,1,3
Java-OCA-OCPP,eu.chargetime.ocpp.model.test,BootNotificationConfirmationTest,2,1,7,7,39,7,0,0,0.0,0,2
Java-OCA-OCPP,eu.chargetime.ocpp.model.test,UnlockConnectorConfirmationTest,1,0,4,4,20,4,0,0,0.0,0,1
Java-OCA-OCPP,eu.chargetime.ocpp.model.test,DataTransferRequestTest,3,1,10,9,51,10,0,0,0.0,1,3
Java-OCA-OCPP,eu.chargetime.ocpp.model.test,HeartbeatRequestTest,1,0,3,3,14,3,0,0,0.0,0,1
Java-OCA-OCPP,eu.chargetime.ocpp.model.test,ClearCacheRequestTest,1,0,3,3,14,3,0,0,0.0,0,1
Java-OCA-OCPP,eu.chargetime.ocpp.model.test,ClearCacheConfirmationTest,1,0,4,4,20,4,0,0,0.0,0,1
Java-OCA-OCPP,eu.chargetime.ocpp.model.test,GetConfigurationRequestTest,2,1,7,7,37,7,0,0,0.0,0,2
Java-OCA-OCPP,eu.chargetime.ocpp.model.test,MeterValuesRequestTest,3,1,9,9,51,9,0,0,0.0,0,3
Java-OCA-OCPP,eu.chargetime.ocpp.model.test,StatusNotificationRequestTest,3,1,16,15,85,16,0,0,0.0,1,3
Java-OCA-OCPP,eu.chargetime.ocpp.model.test,TriggerMessageRequestTest,2,1,7,6,33,7,0,0,0.2857142857142857,0,2
Java-OCA-OCPP,eu.chargetime.ocpp.model.test,DataTransferConfirmationTest,1,0,5,5,25,5,0,0,0.0,0,1
Java-OCA-OCPP,eu.chargetime.ocpp.model.test,GetConfigurationConfirmationTest,2,1,10,9,53,10,0,0,0.0,0,3
Java-OCA-OCPP,eu.chargetime.ocpp.model.test,HeartbeatConfirmationTest,1,0,4,4,20,4,0,0,0.0,0,1
Java-OCA-OCPP,eu.chargetime.ocpp.model.test,ChangeConfigurationRequestTest,3,1,11,10,57,11,0,0,0.0,1,3
Java-OCA-OCPP,eu.chargetime.ocpp.model.test,StopTransactionConfirmationTest,1,0,5,5,28,5,0,0,0.0,0,2
Java-OCA-OCPP,eu.chargetime.ocpp.model.test,TriggerMessageConfirmationTest,1,0,3,3,15,3,0,0,0.0,0,1
Java-OCA-OCPP,eu.chargetime.ocpp.model.test,ChargingSchedulePeriodTest,1,0,6,6,31,6,0,0,0.0,0,1
Java-OCA-OCPP,eu.chargetime.ocpp.model.test,StartTransactionConfirmationTest,1,0,8,8,47,8,0,0,0.0,0,2
Java-OCA-OCPP,eu.chargetime.ocpp.model.test,GetCompositeScheduleRequestTest,2,1,8,8,43,8,0,0,0.0,0,2
Java-OCA-OCPP,eu.chargetime.ocpp.model.test,ResetRequestTest,1,0,5,5,24,5,0,0,0.0,0,1
Java-OCA-OCPP,eu.chargetime.ocpp.model.test,RemoteStopTransactionRequestTest,1,0,5,5,24,5,0,0,0.0,0,1
Java-OCA-OCPP,eu.chargetime.ocpp.model.test,SetChargingProfileRequestTest,3,1,6,4,27,6,0,0,0.0,1,3
Java-OCA-OCPP,eu.chargetime.ocpp.model.test,ChargingScheduleTest,1,0,9,9,50,9,0,0,0.0,0,2
Java-OCA-OCPP,eu.chargetime.ocpp.model.test,MeterValuesConfirmationTest,1,0,2,2,10,2,0,0,0.0,0,1
Java-OCA-OCPP,eu.chargetime.ocpp.model.test,ChangeAvailabilityRequestTest,2,1,10,10,52,10,0,0,0.0,0,2
Java-OCA-OCPP,eu.chargetime.ocpp.model.test,ChangeConfigurationConfirmationTest,1,0,4,4,20,4,0,0,0.0,0,1
Java-OCA-OCPP,eu.chargetime.ocpp.model.test,AuthorizeConfirmationTest,2,0,3,3,16,3,0,0,0.0,0,2
Java-OCA-OCPP,eu.chargetime.ocpp.model.smartcharging,ClearChargingProfileRequestTest,2,1,7,7,37,7,0,0,0.0,0,2
Java-OCA-OCPP,eu.chargetime.ocpp.model.smartcharging,ClearChargingProfileRequest,4,0,13,13,88,17,0,0,0.15384615384615385,3,2
Java-OCA-OCPP,eu.chargetime.ocpp.model.smartcharging,ClearChargingProfileConfirmation,1,0,8,8,44,10,0,0,0.25,1,2
Java-OCA-OCPP,eu.chargetime.ocpp.model.smartcharging,SetChargingProfileConfirmation,1,0,9,9,51,11,0,0,0.2222222222222222,3,2
Java-OCA-OCPP,eu.chargetime.ocpp.model.smartcharging,SetChargingProfileRequest,2,0,11,11,71,15,0,0,0.2727272727272727,4,3
Java-OCA-OCPP,eu.chargetime.ocpp.model.smartcharging,GetCompositeScheduleRequest,3,0,12,12,78,13,0,0,0.25,1,1
Java-OCA-OCPP,eu.chargetime.ocpp.model.smartcharging,GetCompositeScheduleConfirmation,4,0,13,13,83,13,0,0,0.15384615384615385,0,2
Java-OCA-OCPP,eu.chargetime.ocpp.model.localauthlist.test,GetLocalListVersionConfirmationTest,2,1,7,7,33,8,0,0,0.0,0,2
Java-OCA-OCPP,eu.chargetime.ocpp.model.localauthlist.test,SendLocalListRequestTest,3,1,12,11,73,14,0,0,0.0,0,3
Java-OCA-OCPP,eu.chargetime.ocpp.model.localauthlist.test,SendLocalListConfirmationTest,2,1,5,5,25,6,0,0,0.0,0,2
Java-OCA-OCPP,eu.chargetime.ocpp.model.localauthlist.test,GetLocalListVersionRequestTest,1,0,2,2,10,2,0,0,0.0,0,1
Java-OCA-OCPP,eu.chargetime.ocpp.model.securityext.test,CertificateSignedRequestTest,0,0,5,4,22,5,0,0,-1.0,0,2
Java-OCA-OCPP,eu.chargetime.ocpp.model.securityext.test,SignedUpdateFirmwareRequestTest,0,0,5,4,39,5,0,0,-1.0,0,2
Java-OCA-OCPP,eu.chargetime.ocpp.model.securityext.test,SignCertificateConfirmationTest,0,0,3,3,20,3,0,0,-1.0,0,1
Java-OCA-OCPP,eu.chargetime.ocpp.model.securityext.test,CertificateSignedConfirmationTest,0,0,3,3,20,3,0,0,-1.0,0,1
Java-OCA-OCPP,eu.chargetime.ocpp.model.securityext.test,SecurityEventNotificationConfirmationTest,0,0,1,1,7,1,0,0,-1.0,0,1
Java-OCA-OCPP,eu.chargetime.ocpp.model.securityext.test,GetInstalledCertificateIdsRequestTest,0,0,3,3,20,3,0,0,-1.0,0,1
Java-OCA-OCPP,eu.chargetime.ocpp.model.securityext.test,ExtendedTriggerMessageRequestTest,0,0,4,4,25,4,0,0,-1.0,0,1
Java-OCA-OCPP,eu.chargetime.ocpp.model.securityext.test,GetLogConfirmationTest,0,0,6,6,39,6,0,0,-1.0,0,2
Java-OCA-OCPP,eu.chargetime.ocpp.model.securityext.test,GetLogRequestTest,0,0,4,3,31,4,0,0,-1.0,0,2
Java-OCA-OCPP,eu.chargetime.ocpp.model.securityext.test,GetInstalledCertificateIdsConfirmationTest,0,0,5,4,33,5,0,0,-1.0,0,2
Java-OCA-OCPP,eu.chargetime.ocpp.model.securityext.test,SecurityEventNotificationRequestTest,0,0,9,7,49,9,0,0,-1.0,0,2
Java-OCA-OCPP,eu.chargetime.ocpp.model.securityext.test,DeleteCertificateConfirmationTest,0,0,3,3,20,3,0,0,-1.0,0,1
Java-OCA-OCPP,eu.chargetime.ocpp.model.securityext.test,LogStatusNotificationRequestTest,0,0,4,4,28,4,0,0,-1.0,0,1
Java-OCA-OCPP,eu.chargetime.ocpp.model.securityext.test,SignedUpdateFirmwareConfirmationTest,0,0,3,3,20,3,0,0,-1.0,0,1
Java-OCA-OCPP,eu.chargetime.ocpp.model.securityext.test,SignedFirmwareStatusNotificationRequestTest,0,0,4,4,28,4,0,0,-1.0,0,1
Java-OCA-OCPP,eu.chargetime.ocpp.model.securityext.test,DeleteCertificateRequestTest,0,0,4,3,25,4,0,0,-1.0,0,2
Java-OCA-OCPP,eu.chargetime.ocpp.model.securityext.test,ExtendedTriggerMessageConfirmationTest,0,0,3,3,20,3,0,0,-1.0,0,1
Java-OCA-OCPP,eu.chargetime.ocpp.model.securityext.test,LogStatusNotificationConfirmationTest,0,0,1,1,7,1,0,0,-1.0,0,1
Java-OCA-OCPP,eu.chargetime.ocpp.model.securityext.test,InstallCertificateConfirmationTest,0,0,3,3,20,3,0,0,-1.0,0,1
Java-OCA-OCPP,eu.chargetime.ocpp.model.securityext.test,SignCertificateRequestTest,0,0,5,4,22,5,0,0,-1.0,0,2
Java-OCA-OCPP,eu.chargetime.ocpp.model.securityext.test,SignedFirmwareStatusNotificationConfirmationTest,0,0,1,1,7,1,0,0,-1.0,0,1
Java-OCA-OCPP,eu.chargetime.ocpp.model.securityext.test,InstallCertificateRequestTest,0,0,5,4,24,5,0,0,-1.0,0,2
Java-OCA-OCPP,eu.chargetime.ocpp.model.securityext.test.types,CertificateHashDataTypeTest,0,0,8,6,46,8,0,0,-1.0,0,2
Java-OCA-OCPP,eu.chargetime.ocpp.model.securityext.test.types,LogParametersTypeTest,0,0,6,5,38,6,0,0,-1.0,0,2
Java-OCA-OCPP,eu.chargetime.ocpp.model.securityext.test.types,FirmwareTypeTest,0,0,11,8,59,11,0,0,-1.0,0,2
Java-OCA-OCPP,eu.chargetime.ocpp.model.reservation.test,ReserveNowConfirmationTest,1,0,3,3,16,3,0,0,0.0,0,1
Java-OCA-OCPP,eu.chargetime.ocpp.model.reservation.test,ReserveNowRequestTest,2,1,9,8,48,9,0,0,0.0,0,2
Java-OCA-OCPP,eu.chargetime.ocpp.model.reservation.test,CancelReservationRequestTest,1,0,3,3,16,3,0,0,0.0,0,1
Java-OCA-OCPP,eu.chargetime.ocpp.model.reservation.test,CancelReservationConfirmationTest,1,0,3,3,16,3,0,0,0.0,0,1
Java-OCA-OCPP,eu.chargetime.ocpp.feature.profile.test,ClientReservationProfileTest,3,0,5,5,26,5,0,1,0.0,0,7
Java-OCA-OCPP,eu.chargetime.ocpp.feature.profile.test,ClientFirmwareManagementProfileTest,3,0,7,7,36,7,0,1,0.0,0,2
Java-OCA-OCPP,eu.chargetime.ocpp.feature.profile.test,ServerReservationProfileTest,1,0,3,3,14,3,0,1,0.0,0,1
Java-OCA-OCPP,eu.chargetime.ocpp.feature.profile.test,ServerFirmwareManagementProfileTest,2,0,5,5,27,5,0,1,0.0,0,4
Java-OCA-OCPP,eu.chargetime.ocpp.feature.profile.test,ServerRemoteTriggerProfileTest,1,0,4,4,23,4,0,1,0.0,0,4
Java-OCA-OCPP,eu.chargetime.ocpp.feature.profile.test,ClientSmartChargingProfileTest,3,0,5,5,30,5,0,0,0.0,0,3
Java-OCA-OCPP,eu.chargetime.ocpp.feature.profile.test,ServerLocalAuthListProfileTest,1,0,3,3,14,3,0,1,0.0,0,4
Java-OCA-OCPP,eu.chargetime.ocpp.feature.profile.test,ClientRemoteTriggerProfileTest,3,0,3,3,19,3,0,0,0.0,0,5
Java-OCA-OCPP,eu.chargetime.ocpp.feature.profile.test,ServerSmartChargingProfileTest,1,0,5,5,40,5,0,1,0.0,0,6
Java-OCA-OCPP,eu.chargetime.ocpp.feature.profile.test,ServerCoreProfileTest,2,0,34,34,164,34,0,1,0.0,0,2
Java-OCA-OCPP,eu.chargetime.ocpp.feature.profile.test,ClientLocalAuthListProfileTest,3,0,5,5,26,5,0,1,0.0,0,7
Java-OCA-OCPP,eu.chargetime.ocpp.feature.profile.test,ClientCoreProfileTest,3,0,38,38,179,38,0,1,0.0,0,4
Java-OCA-OCPP,eu.chargetime.ocpp.feature.profile.test,ProfileTest,0,0,1,0,12,3,10,0,-1.0,0,1
Java-OCA-OCPP,eu.chargetime.ocpp.feature.profile.test.securityext,ClientSecurityExtProfileTest,3,0,13,13,96,13,0,0,0.0,0,22
Java-OCA-OCPP,eu.chargetime.ocpp.feature.profile.test.securityext,ServerSecurityExtProfileTest,3,0,13,13,98,13,0,0,0.0,0,22
Java-OCA-OCPP,eu.chargetime.ocpp,WebServiceReceiver,6,0,7,5,58,9,0,2,0.0,2,2
Java-OCA-OCPP,eu.chargetime.ocpp,WSHttpHandler,3,0,4,2,50,6,0,0,0.0,0,1
Java-OCA-OCPP,eu.chargetime.ocpp,JSONServer,6,1,14,14,96,15,0,1,0.2857142857142857,3,12
Java-OCA-OCPP,eu.chargetime.ocpp,IServerAPI,0,0,8,0,10,8,4,0,-1.0,3,4
Java-OCA-OCPP,eu.chargetime.ocpp,SOAPClient,9,0,10,8,93,11,0,1,0.0,0,11
Java-OCA-OCPP,eu.chargetime.ocpp,IClientAPI,0,0,7,0,9,7,4,0,-1.0,2,4
Java-OCA-OCPP,eu.chargetime.ocpp,SOAPSyncHelper,2,0,6,4,43,9,2,0,0.0,3,1
Java-OCA-OCPP,eu.chargetime.ocpp,WSHttpHandlerEvents,0,0,1,0,3,1,1,0,-1.0,1,1
Java-OCA-OCPP,eu.chargetime.ocpp,SOAPCommunicator,13,0,21,8,226,35,0,1,0.09523809523809523,4,2
Java-OCA-OCPP,eu.chargetime.ocpp,SOAPParser,2,0,7,3,70,14,0,0,0.0,1,0
Java-OCA-OCPP,eu.chargetime.ocpp,SOAPServer,3,0,9,9,40,9,0,1,0.0,0,9
Java-OCA-OCPP,eu.chargetime.ocpp,WebServiceReceiverEvents,0,0,1,0,3,1,0,0,-1.0,1,0
Java-OCA-OCPP,eu.chargetime.ocpp,TimeoutSessionDecorator,2,0,20,15,84,28,0,1,0.15,1,6
Java-OCA-OCPP,eu.chargetime.ocpp,WebServiceTransmitter,5,0,7,5,58,9,0,2,0.0,1,1
Java-OCA-OCPP,eu.chargetime.ocpp,JSONClient,6,1,15,15,103,15,0,1,0.13333333333333333,1,13
Java-OCA-OCPP,eu.chargetime.ocpp,SOAPMessageInfo,2,0,3,3,17,3,0,0,0.0,3,0
Java-OCA-OCPP,eu.chargetime.ocpp,WebServiceListener,10,0,9,8,78,12,0,1,0.2222222222222222,1,10
Java-OCA-OCPP,eu.chargetime.ocpp,WSHttpEventHandler,2,0,4,3,41,6,0,1,0.0,0,8
Java-OCA-OCPP,eu.chargetime.ocpp,WebSocketListener,14,0,17,15,158,40,0,1,0.23529411764705882,2,7
Java-OCA-OCPP,eu.chargetime.ocpp,JSONCommunicator,20,0,12,8,113,15,0,1,0.9166666666666666,5,2
Java-OCA-OCPP,eu.chargetime.ocpp,ZonedDateTimeSerializer,0,0,2,2,8,2,0,0,-1.0,0,0
Java-OCA-OCPP,eu.chargetime.ocpp,Draft_HttpHealthCheck,1,0,14,13,51,14,0,0,0.9285714285714286,3,1
Java-OCA-OCPP,eu.chargetime.ocpp,WebSocketTransmitter,7,1,14,10,163,28,0,2,0.14285714285714285,2,3
Java-OCA-OCPP,eu.chargetime.ocpp,WebSocketReceiverEvents,0,0,3,0,15,3,0,0,-1.0,1,0
Java-OCA-OCPP,eu.chargetime.ocpp,WebSocketReceiver,2,0,6,5,23,6,0,2,0.0,2,2
Java-OCA-OCPP,eu.chargetime.ocpp,JSONConfiguration,16,14,5,4,34,5,0,0,0.6,13,1
Java-OCA-OCPP,eu.chargetime.ocpp,JSONServer,6,1,14,14,86,14,0,1,0.35714285714285715,0,11
Java-OCA-OCPP,eu.chargetime.ocpp,IServerAPI,0,0,8,0,10,8,0,0,-1.0,0,4
Java-OCA-OCPP,eu.chargetime.ocpp,IClientAPI,0,0,7,0,9,7,0,0,-1.0,0,4
Java-OCA-OCPP,eu.chargetime.ocpp,JSONClient,6,1,14,14,92,14,0,1,0.21428571428571427,0,12
Java-OCA-OCPP,eu.chargetime.ocpp,SimplePromiseFulfiller,1,0,1,1,15,2,0,1,0.0,1,3
Java-OCA-OCPP,eu.chargetime.ocpp,NotConnectedException,0,0,0,0,2,0,0,0,-1.0,0,0
Java-OCA-OCPP,eu.chargetime.ocpp,FeatureRepository,3,0,7,7,50,10,0,1,0.2857142857142857,8,3
Java-OCA-OCPP,eu.chargetime.ocpp,Client,3,0,12,12,106,24,0,0,0.25,4,5
Java-OCA-OCPP,eu.chargetime.ocpp,RequestDispatcher,2,0,3,3,13,3,0,1,0.0,1,3
Java-OCA-OCPP,eu.chargetime.ocpp,Transmitter,0,0,1,0,11,1,3,1,-1.0,2,1
Java-OCA-OCPP,eu.chargetime.ocpp,AsyncPromiseFulfillerDecorator,2,0,3,3,13,3,0,1,0.0,2,3
Java-OCA-OCPP,eu.chargetime.ocpp,CallErrorException,3,0,7,7,62,7,0,0,0.0,0,0
Java-OCA-OCPP,eu.chargetime.ocpp,ISession,0,0,8,0,10,8,2,0,-1.0,11,3
Java-OCA-OCPP,eu.chargetime.ocpp,PromiseFulfiller,0,0,1,0,3,1,2,0,-1.0,3,2
Java-OCA-OCPP,eu.chargetime.ocpp,Receiver,0,0,1,0,10,1,2,1,-1.0,0,1
Java-OCA-OCPP,eu.chargetime.ocpp,Communicator,8,0,23,15,264,43,2,0,0.13043478260869565,5,4
Java-OCA-OCPP,eu.chargetime.ocpp,EventHandler,1,0,4,4,37,9,0,1,0.0,0,2
Java-OCA-OCPP,eu.chargetime.ocpp,RetryRunner,1,0,1,1,20,3,0,0,0.0,1,0
Java-OCA-OCPP,eu.chargetime.ocpp,RadioEvents,0,0,3,0,18,3,1,0,-1.0,7,0
Java-OCA-OCPP,eu.chargetime.ocpp,ClientEvents,0,0,2,0,4,2,0,0,-1.0,7,0
Java-OCA-OCPP,eu.chargetime.ocpp,Radio,0,0,3,0,20,3,2,0,-1.0,3,0
Java-OCA-OCPP,eu.chargetime.ocpp,SessionEvents,0,0,6,0,40,6,0,0,-1.0,9,2
Java-OCA-OCPP,eu.chargetime.ocpp,Queue,3,1,4,4,44,4,0,0,0.0,2,3
Java-OCA-OCPP,eu.chargetime.ocpp,PromiseRepository,1,0,4,4,31,4,0,1,0.0,0,0
Java-OCA-OCPP,eu.chargetime.ocpp,IRequestDispactcher,0,0,0,0,2,0,1,0,-1.0,0,0
Java-OCA-OCPP,eu.chargetime.ocpp,ServerEvents,0,0,3,0,5,3,0,0,-1.0,9,1
Java-OCA-OCPP,eu.chargetime.ocpp,ListenerEvents,0,0,2,0,4,2,0,0,-1.0,4,2
Java-OCA-OCPP,eu.chargetime.ocpp,OccurenceConstraintException,0,0,0,0,5,0,0,0,-1.0,0,0
Java-OCA-OCPP,eu.chargetime.ocpp,ZonedDateTimeAdapter,0,0,2,2,8,2,0,0,-1.0,0,0
Java-OCA-OCPP,eu.chargetime.ocpp,IPromiseRepository,0,0,3,0,5,3,1,0,-1.0,2,0
Java-OCA-OCPP,eu.chargetime.ocpp,CommunicatorEvents,0,0,5,0,35,5,1,0,-1.0,2,0
Java-OCA-OCPP,eu.chargetime.ocpp,ConfirmationHandler,3,0,2,2,21,4,0,0,0.0,0,2
Java-OCA-OCPP,eu.chargetime.ocpp,ISessionFactory,0,0,1,0,3,1,2,0,-1.0,3,1
Java-OCA-OCPP,eu.chargetime.ocpp,IFeatureRepository,0,0,2,0,4,2,2,0,-1.0,4,0
Java-OCA-OCPP,eu.chargetime.ocpp,Listener,0,0,4,0,6,4,3,0,-1.0,1,1
Java-OCA-OCPP,eu.chargetime.ocpp,Server,5,1,16,15,166,39,0,0,0.25,4,7
Java-OCA-OCPP,eu.chargetime.ocpp,AuthenticationException,2,0,5,5,22,5,0,0,0.0,0,0
Java-OCA-OCPP,eu.chargetime.ocpp,Session,11,0,21,18,215,32,0,1,0.0,1,10
Java-OCA-OCPP,eu.chargetime.ocpp,CommunicatorEventHandler,3,0,6,5,77,10,0,1,0.6666666666666666,0,2
Java-OCA-OCPP,eu.chargetime.ocpp,UnsupportedFeatureException,1,0,2,2,12,2,0,0,1.0,0,0
Java-OCA-OCPP,eu.chargetime.ocpp,PropertyConstraintException,1,0,2,1,12,2,0,0,0.0,30,1
Java-OCA-OCPP,eu.chargetime.ocpp,SessionFactory,1,0,2,2,10,2,0,1,0.0,3,3
Java-OCA-OCPP,eu.chargetime.ocpp,MultiProtocolJSONClient,5,0,18,18,119,19,0,2,0.1111111111111111,1,14
Java-OCA-OCPP,eu.chargetime.ocpp,MultiProtocolWebSocketListener,16,0,17,14,175,46,0,1,0.23529411764705882,1,7
Java-OCA-OCPP,eu.chargetime.ocpp,MultiProtocolFeatureRepository,2,0,8,8,44,11,0,1,0.0,4,5
Java-OCA-OCPP,eu.chargetime.ocpp,IMultiProtocolServerAPI,0,0,3,0,19,3,1,1,-1.0,0,2
Java-OCA-OCPP,eu.chargetime.ocpp,IMultiProtocolClientAPI,0,0,3,0,19,3,1,1,-1.0,0,2
Java-OCA-OCPP,eu.chargetime.ocpp,MultiProtocolWebSocketTransmitter,8,1,18,14,179,32,0,2,0.3333333333333333,1,5
Java-OCA-OCPP,eu.chargetime.ocpp,MultiProtocolSessionFactory,1,0,3,3,26,3,0,1,0.0,2,4
Java-OCA-OCPP,eu.chargetime.ocpp,MultiProtocolJSONServer,4,0,17,17,106,19,0,2,0.23529411764705882,1,12
Java-OCA-OCPP,eu.chargetime.ocpp.model.firmware,UpdateFirmwareRequest,4,0,15,15,103,19,0,0,0.2,3,2
Java-OCA-OCPP,eu.chargetime.ocpp.model.firmware,DiagnosticsStatusNotificationRequest,1,0,9,9,53,12,0,0,0.3333333333333333,5,2
Java-OCA-OCPP,eu.chargetime.ocpp.model.firmware,FirmwareStatusNotificationRequest,1,0,9,9,53,12,0,0,0.3333333333333333,5,2
Java-OCA-OCPP,eu.chargetime.ocpp.model.firmware,DiagnosticsStatusNotificationConfirmation,0,0,5,5,19,5,0,0,-1.0,3,2
Java-OCA-OCPP,eu.chargetime.ocpp.model.firmware,GetDiagnosticsConfirmation,1,0,6,6,35,9,0,0,0.0,2,3
Java-OCA-OCPP,eu.chargetime.ocpp.model.firmware,UpdateFirmwareConfirmation,0,0,5,5,19,5,0,0,-1.0,2,2
Java-OCA-OCPP,eu.chargetime.ocpp.model.firmware,GetDiagnosticsRequest,5,0,17,17,107,19,0,0,0.17647058823529413,3,2
Java-OCA-OCPP,eu.chargetime.ocpp.model.firmware,FirmwareStatusNotificationConfirmation,0,0,5,5,19,5,0,0,-1.0,3,2
Java-OCA-OCPP,eu.chargetime.ocpp.model.remotetrigger,TriggerMessageRequest,2,0,11,11,67,14,0,0,0.2727272727272727,8,2
Java-OCA-OCPP,eu.chargetime.ocpp.model.remotetrigger,TriggerMessageConfirmation,1,0,8,8,44,10,0,0,0.25,3,2
Java-OCA-OCPP,eu.chargetime.ocpp.model.localauthlist,AuthorizationData,2,0,10,10,57,14,0,0,0.2,3,4
Java-OCA-OCPP,eu.chargetime.ocpp.model.localauthlist,SendLocalListRequest,3,0,13,13,91,19,0,0,0.23076923076923078,4,3
Java-OCA-OCPP,eu.chargetime.ocpp.model.localauthlist,SendLocalListConfirmation,1,0,8,8,47,11,0,0,0.25,2,2
Java-OCA-OCPP,eu.chargetime.ocpp.model.localauthlist,GetLocalListVersionRequest,0,0,5,5,17,5,0,0,-1.0,4,2
Java-OCA-OCPP,eu.chargetime.ocpp.model.localauthlist,GetLocalListVersionConfirmation,1,0,8,8,47,11,0,0,0.25,2,2
Java-OCA-OCPP,eu.chargetime.ocpp.model.securityext,ExtendedTriggerMessageConfirmation,1,0,8,7,44,10,0,0,0.25,4,2
Java-OCA-OCPP,eu.chargetime.ocpp.model.securityext,GetLogConfirmation,3,0,10,9,61,12,0,0,0.2,4,3
Java-OCA-OCPP,eu.chargetime.ocpp.model.securityext,SecurityEventNotificationRequest,5,0,13,12,83,15,0,0,0.23076923076923078,7,3
Java-OCA-OCPP,eu.chargetime.ocpp.model.securityext,ExtendedTriggerMessageRequest,2,0,11,10,65,14,0,0,0.2727272727272727,6,2
Java-OCA-OCPP,eu.chargetime.ocpp.model.securityext,SignCertificateRequest,2,0,9,8,49,11,0,0,0.3333333333333333,7,3
Java-OCA-OCPP,eu.chargetime.ocpp.model.securityext,GetInstalledCertificateIdsRequest,1,0,9,8,47,11,0,0,0.3333333333333333,6,2
Java-OCA-OCPP,eu.chargetime.ocpp.model.securityext,SignedUpdateFirmwareConfirmation,1,0,8,7,44,10,0,0,0.25,4,2
Java-OCA-OCPP,eu.chargetime.ocpp.model.securityext,SignedFirmwareStatusNotificationConfirmation,0,0,4,4,14,4,0,0,-1.0,3,2
Java-OCA-OCPP,eu.chargetime.ocpp.model.securityext,LogStatusNotificationRequest,2,0,11,10,62,13,0,0,0.2727272727272727,7,2
Java-OCA-OCPP,eu.chargetime.ocpp.model.securityext,SignedUpdateFirmwareRequest,4,0,15,14,94,17,0,0,0.2,6,3
Java-OCA-OCPP,eu.chargetime.ocpp.model.securityext,CertificateSignedConfirmation,1,0,8,7,44,10,0,0,0.25,4,2
Java-OCA-OCPP,eu.chargetime.ocpp.model.securityext,InstallCertificateRequest,3,0,11,10,66,13,0,0,0.2727272727272727,6,3
Java-OCA-OCPP,eu.chargetime.ocpp.model.securityext,CertificateSignedRequest,2,0,9,8,49,11,0,0,0.3333333333333333,6,3
Java-OCA-OCPP,eu.chargetime.ocpp.model.securityext,InstallCertificateConfirmation,1,0,8,7,44,10,0,0,0.25,4,2
Java-OCA-OCPP,eu.chargetime.ocpp.model.securityext,GetLogRequest,5,0,17,16,111,19,0,0,0.17647058823529413,6,3
Java-OCA-OCPP,eu.chargetime.ocpp.model.securityext,LogStatusNotificationConfirmation,0,0,4,4,14,4,0,0,-1.0,3,2
Java-OCA-OCPP,eu.chargetime.ocpp.model.securityext,SecurityEventNotificationConfirmation,0,0,4,4,14,4,0,0,-1.0,3,2
Java-OCA-OCPP,eu.chargetime.ocpp.model.securityext,GetInstalledCertificateIdsConfirmation,2,0,11,9,70,16,0,0,0.18181818181818182,4,3
Java-OCA-OCPP,eu.chargetime.ocpp.model.securityext,SignCertificateConfirmation,1,0,8,7,44,10,0,0,0.25,3,2
Java-OCA-OCPP,eu.chargetime.ocpp.model.securityext,SignedFirmwareStatusNotificationRequest,2,0,11,10,62,13,0,0,0.2727272727272727,7,2
Java-OCA-OCPP,eu.chargetime.ocpp.model.securityext,DeleteCertificateRequest,1,0,9,8,47,11,0,0,0.3333333333333333,6,3
Java-OCA-OCPP,eu.chargetime.ocpp.model.securityext,DeleteCertificateConfirmation,1,0,8,7,44,10,0,0,0.25,4,2
Java-OCA-OCPP,eu.chargetime.ocpp.model.securityext.types,CertificateHashDataType,6,0,12,12,82,14,0,0,0.0,8,3
Java-OCA-OCPP,eu.chargetime.ocpp.model.securityext.types,FirmwareType,8,0,14,14,101,16,0,0,0.0,6,3
Java-OCA-OCPP,eu.chargetime.ocpp.model.securityext.types,LogParametersType,4,0,10,10,64,12,0,0,0.0,6,3
Java-OCA-OCPP,eu.chargetime.ocpp.model.reservation,CancelReservationRequest,1,0,9,9,50,11,0,0,0.3333333333333333,5,2
Java-OCA-OCPP,eu.chargetime.ocpp.model.reservation,ReserveNowRequest,7,0,17,17,131,22,0,0,0.17647058823529413,6,3
Java-OCA-OCPP,eu.chargetime.ocpp.model.reservation,ReserveNowConfirmation,1,0,8,8,47,10,0,0,0.25,3,2
Java-OCA-OCPP,eu.chargetime.ocpp.model.reservation,CancelReservationConfirmation,1,0,8,8,47,10,0,0,0.25,3,2
Java-OCA-OCPP,eu.chargetime.ocpp.model.validation,OCPPSecurityExtDatatypes,0,0,6,6,20,6,0,0,-1.0,0,0
Java-OCA-OCPP,eu.chargetime.ocpp.model.validation,StringMaxLengthValidationRule,2,0,2,2,10,3,0,1,0.0,0,0
Java-OCA-OCPP,eu.chargetime.ocpp.model.validation,IdentifierStringValidationRule,2,0,2,1,13,3,0,1,0.0,1,0
Java-OCA-OCPP,eu.chargetime.ocpp.model.validation,OCPP2PrimDatatypes,0,0,4,4,14,4,0,0,-1.0,0,0
Java-OCA-OCPP,eu.chargetime.ocpp.model.validation,StringMaxLengthValidationRule,2,0,2,2,10,3,0,1,0.0,0,0
Java-OCA-OCPP,eu.chargetime.ocpp.model.validation,IdentifierStringValidationRule,2,0,2,1,13,3,0,1,1.0,0,0
Java-OCA-OCPP,eu.chargetime.ocpp.model.validation,ValidatorBuilder,2,0,4,4,21,5,0,0,0.0,0,2
Java-OCA-OCPP,eu.chargetime.ocpp.model.validation,RequiredDecorator,2,0,2,2,11,2,0,1,0.0,0,1
Java-OCA-OCPP,eu.chargetime.ocpp.model.validation,RequiredValidator,1,0,1,1,8,2,0,1,0.0,3,0
Java-OCA-OCPP,eu.chargetime.ocpp.model.validation,Validator,0,0,2,2,13,2,4,0,-1.0,21,0
Java-OCA-OCPP,eu.chargetime.ocpp.model.validation,StringValidator,1,0,2,2,11,3,0,1,0.0,0,1
Java-OCA-OCPP,eu.chargetime.ocpp.model.validation,IValidationRule,0,0,1,0,3,1,4,0,-1.0,2,0
Java-OCA-OCPP,eu.chargetime.ocpp.model.validation,OptionalDecorator,1,0,2,2,10,3,0,1,0.0,0,1
Java-OCA-OCPP,eu.chargetime.ocpp.model,SOAPHostInfo,12,2,16,15,93,23,0,0,0.0,7,2
Java-OCA-OCPP,eu.chargetime.ocpp.model,Builder,5,0,7,6,54,12,0,0,0.0,0,1
Java-OCA-OCPP,eu.chargetime.ocpp.model,Message,3,0,7,7,53,7,3,0,0.0,1,1
Java-OCA-OCPP,eu.chargetime.ocpp.model,CallErrorMessage,3,0,6,6,23,6,0,1,0.5,0,0
Java-OCA-OCPP,eu.chargetime.ocpp.model,RequestWithId,1,0,2,2,9,2,1,2,0.0,0,0
Java-OCA-OCPP,eu.chargetime.ocpp.model,CallMessage,0,0,0,0,5,0,0,1,-1.0,0,0
Java-OCA-OCPP,eu.chargetime.ocpp.model,Validatable,0,0,1,0,10,1,2,0,-1.0,0,0
Java-OCA-OCPP,eu.chargetime.ocpp.model,Confirmation,1,0,2,2,12,2,1,1,0.0,47,1
Java-OCA-OCPP,eu.chargetime.ocpp.model,CallResultMessage,0,0,0,0,5,0,0,1,-1.0,0,0
Java-OCA-OCPP,eu.chargetime.ocpp.model,TestRequest,0,0,2,2,11,2,0,3,-1.0,0,0
Java-OCA-OCPP,eu.chargetime.ocpp.model,TestModel,12,0,24,24,89,24,0,0,0.5,3,1
Java-OCA-OCPP,eu.chargetime.ocpp.model,SessionInformation,10,0,11,11,58,11,0,0,0.0,16,1
Java-OCA-OCPP,eu.chargetime.ocpp.model,Builder,5,0,6,6,36,6,0,0,0.0,0,1
Java-OCA-OCPP,eu.chargetime.ocpp.model,TestConfirmation,0,0,1,1,8,1,0,2,-1.0,1,0
Java-OCA-OCPP,eu.chargetime.ocpp.model,ConfirmationCompletedHandler,0,0,1,0,6,1,0,0,-1.0,2,0
Java-OCA-OCPP,eu.chargetime.ocpp.model,Request,0,0,3,0,8,3,1,1,-1.0,101,0
Java-OCA-OCPP,eu.chargetime.ocpp.feature,ClearChargingProfileFeature,0,0,4,4,14,4,0,2,-1.0,1,1
Java-OCA-OCPP,eu.chargetime.ocpp.feature,BootNotificationFeature,0,0,4,4,14,4,0,2,-1.0,1,1
Java-OCA-OCPP,eu.chargetime.ocpp.feature,CancelReservationFeature,0,0,4,4,14,4,0,2,-1.0,1,1
Java-OCA-OCPP,eu.chargetime.ocpp.feature,UpdateFirmwareFeature,0,0,4,4,14,4,0,2,-1.0,0,1
Java-OCA-OCPP,eu.chargetime.ocpp.feature,RemoteStartTransactionFeature,0,0,4,4,14,4,0,2,-1.0,0,1
Java-OCA-OCPP,eu.chargetime.ocpp.feature,StopTransactionFeature,0,0,4,4,14,4,0,2,-1.0,0,1
Java-OCA-OCPP,eu.chargetime.ocpp.feature,ClearCacheFeature,0,0,4,4,14,4,0,2,-1.0,0,1
Java-OCA-OCPP,eu.chargetime.ocpp.feature,MeterValuesFeature,0,0,4,4,14,4,0,2,-1.0,0,1
Java-OCA-OCPP,eu.chargetime.ocpp.feature,GetConfigurationFeature,0,0,4,4,14,4,0,2,-1.0,0,1
Java-OCA-OCPP,eu.chargetime.ocpp.feature,DiagnosticsStatusNotificationFeature,0,0,4,4,14,4,0,2,-1.0,0,1
Java-OCA-OCPP,eu.chargetime.ocpp.feature,ReserveNowFeature,0,0,4,4,14,4,0,2,-1.0,1,1
Java-OCA-OCPP,eu.chargetime.ocpp.feature,TriggerMessageFeature,0,0,4,4,14,4,0,2,-1.0,1,1
Java-OCA-OCPP,eu.chargetime.ocpp.feature,ChangeConfigurationFeature,0,0,4,4,14,4,0,2,-1.0,0,1
Java-OCA-OCPP,eu.chargetime.ocpp.feature,FirmwareStatusNotificationFeature,0,0,4,4,14,4,0,2,-1.0,0,1
Java-OCA-OCPP,eu.chargetime.ocpp.feature,SendLocalListFeature,0,0,4,4,14,4,0,2,-1.0,2,1
Java-OCA-OCPP,eu.chargetime.ocpp.feature,ChangeAvailabilityFeature,0,0,4,4,14,4,0,2,-1.0,0,1
Java-OCA-OCPP,eu.chargetime.ocpp.feature,StartTransactionFeature,0,0,4,4,14,4,0,2,-1.0,0,1
Java-OCA-OCPP,eu.chargetime.ocpp.feature,StatusNotificationFeature,0,0,4,4,14,4,0,2,-1.0,1,1
Java-OCA-OCPP,eu.chargetime.ocpp.feature,GetDiagnosticsFeature,0,0,4,4,18,4,0,2,-1.0,0,1
Java-OCA-OCPP,eu.chargetime.ocpp.feature,SetChargingProfileFeature,0,0,4,4,14,4,0,2,-1.0,1,1
Java-OCA-OCPP,eu.chargetime.ocpp.feature,GetCompositeScheduleFeature,0,0,4,4,18,4,0,2,-1.0,0,1
Java-OCA-OCPP,eu.chargetime.ocpp.feature,DataTransferFeature,0,0,4,4,14,4,0,2,-1.0,0,1
Java-OCA-OCPP,eu.chargetime.ocpp.feature,HeartbeatFeature,0,0,4,4,14,4,0,2,-1.0,0,1
Java-OCA-OCPP,eu.chargetime.ocpp.feature,GetLocalListVersionFeature,0,0,4,4,14,4,0,2,-1.0,2,1
Java-OCA-OCPP,eu.chargetime.ocpp.feature,ResetFeature,0,0,4,4,14,4,0,2,-1.0,0,1
Java-OCA-OCPP,eu.chargetime.ocpp.feature,RemoteStopTransactionFeature,0,0,4,4,14,4,0,2,-1.0,0,1
Java-OCA-OCPP,eu.chargetime.ocpp.feature,AuthorizeFeature,0,0,4,4,14,4,0,2,-1.0,0,1
Java-OCA-OCPP,eu.chargetime.ocpp.feature,UnlockConnectorFeature,0,0,4,4,14,4,0,2,-1.0,0,1
Java-OCA-OCPP,eu.chargetime.ocpp.feature,ProfileFeature,1,0,2,2,19,2,28,1,0.0,0,2
Java-OCA-OCPP,eu.chargetime.ocpp.feature,Feature,0,0,4,0,27,4,2,0,-1.0,19,1
Java-OCA-OCPP,eu.chargetime.ocpp.feature,FunctionFeature,1,0,2,2,19,2,0,1,0.0,0,2
Java-OCA-OCPP,eu.chargetime.ocpp.feature.securityext,SecurityEventNotificationFeature,0,0,4,4,14,4,0,0,-1.0,0,1
Java-OCA-OCPP,eu.chargetime.ocpp.feature.securityext,ExtendedTriggerMessageFeature,0,0,4,4,14,4,0,0,-1.0,0,1
Java-OCA-OCPP,eu.chargetime.ocpp.feature.securityext,SignCertificateFeature,0,0,4,4,14,4,0,0,-1.0,0,1
Java-OCA-OCPP,eu.chargetime.ocpp.feature.securityext,GetInstalledCertificateIdsFeature,0,0,4,4,14,4,0,0,-1.0,0,1
Java-OCA-OCPP,eu.chargetime.ocpp.feature.securityext,SignedUpdateFirmwareFeature,0,0,4,4,14,4,0,0,-1.0,0,1
Java-OCA-OCPP,eu.chargetime.ocpp.feature.securityext,LogStatusNotificationFeature,0,0,4,4,14,4,0,0,-1.0,0,1
Java-OCA-OCPP,eu.chargetime.ocpp.feature.securityext,InstallCertificateFeature,0,0,4,4,14,4,0,0,-1.0,0,1
Java-OCA-OCPP,eu.chargetime.ocpp.feature.securityext,CertificateSignedFeature,0,0,4,4,14,4,0,0,-1.0,0,1
Java-OCA-OCPP,eu.chargetime.ocpp.feature.securityext,GetLogFeature,0,0,4,4,14,4,0,0,-1.0,0,1
Java-OCA-OCPP,eu.chargetime.ocpp.feature.securityext,SignedFirmwareStatusNotificationFeature,0,0,4,4,14,4,0,0,-1.0,0,1
Java-OCA-OCPP,eu.chargetime.ocpp.feature.securityext,DeleteCertificateFeature,0,0,4,4,14,4,0,0,-1.0,0,1
Java-OCA-OCPP,eu.chargetime.ocpp.feature.profile,ClientRemoteTriggerEventHandler,0,0,1,0,8,1,0,0,-1.0,2,1
Java-OCA-OCPP,eu.chargetime.ocpp.feature.profile,ClientRemoteTriggerProfile,2,0,3,3,22,4,0,1,0.0,1,3
Java-OCA-OCPP,eu.chargetime.ocpp.feature.profile,ClientCoreProfile,2,0,13,13,181,22,0,1,0.8461538461538461,9,3
Java-OCA-OCPP,eu.chargetime.ocpp.feature.profile,ClientFirmwareManagementEventHandler,0,0,2,0,14,2,0,0,-1.0,2,2
Java-OCA-OCPP,eu.chargetime.ocpp.feature.profile,ServerReservationProfile,1,0,5,3,39,5,0,1,0.8,1,2
Java-OCA-OCPP,eu.chargetime.ocpp.feature.profile,ServerFirmwareManagementProfile,2,0,5,5,45,7,0,1,0.6,1,3
Java-OCA-OCPP,eu.chargetime.ocpp.feature.profile,ClientCoreEventHandler,0,0,9,0,59,9,0,0,-1.0,3,0
Java-OCA-OCPP,eu.chargetime.ocpp.feature.profile,ServerFirmwareManagementEventHandler,0,0,2,0,4,2,0,0,-1.0,2,2
Java-OCA-OCPP,eu.chargetime.ocpp.feature.profile,ServerCoreProfile,2,0,12,12,144,20,0,1,0.8333333333333334,10,3
Java-OCA-OCPP,eu.chargetime.ocpp.feature.profile,ServerRemoteTriggerProfile,1,0,5,5,36,5,0,1,0.6,1,2
Java-OCA-OCPP,eu.chargetime.ocpp.feature.profile,ClientSmartChargingEventHandler,0,0,3,0,20,3,0,0,-1.0,2,0
Java-OCA-OCPP,eu.chargetime.ocpp.feature.profile,ClientReservationProfile,2,0,3,3,23,5,0,1,0.0,1,3
Java-OCA-OCPP,eu.chargetime.ocpp.feature.profile,ClientFirmwareManagementProfile,2,0,5,5,45,7,0,1,0.6,1,3
Java-OCA-OCPP,eu.chargetime.ocpp.feature.profile,ClientSmartChargingProfile,2,0,3,3,30,6,0,1,0.0,1,3
Java-OCA-OCPP,eu.chargetime.ocpp.feature.profile,ServerLocalAuthListProfile,1,0,5,5,34,5,0,1,0.8,1,1
Java-OCA-OCPP,eu.chargetime.ocpp.feature.profile,ClientLocalAuthListEventHandler,0,0,2,0,14,2,0,0,-1.0,2,2
Java-OCA-OCPP,eu.chargetime.ocpp.feature.profile,ClientReservationEventHandler,0,0,2,0,14,2,0,0,-1.0,2,2
Java-OCA-OCPP,eu.chargetime.ocpp.feature.profile,ServerCoreEventHandler,0,0,8,0,10,8,0,0,-1.0,5,0
Java-OCA-OCPP,eu.chargetime.ocpp.feature.profile,ClientLocalAuthListProfile,2,0,3,3,23,5,0,1,0.0,1,3
Java-OCA-OCPP,eu.chargetime.ocpp.feature.profile,ServerSmartChargingProfile,1,0,6,6,46,6,0,1,0.8333333333333334,1,2
Java-OCA-OCPP,eu.chargetime.ocpp.feature.profile,Profile,0,0,2,0,17,2,12,0,-1.0,56,1
Java-OCA-OCPP,eu.chargetime.ocpp.feature.profile.securityext,ClientSecurityExtEventHandler,0,0,7,0,44,7,0,0,-1.0,2,7
Java-OCA-OCPP,eu.chargetime.ocpp.feature.profile.securityext,ServerSecurityExtEventHandler,0,0,4,0,30,4,0,0,-1.0,2,4
Java-OCA-OCPP,eu.chargetime.ocpp.feature.profile.securityext,ServerSecurityExtProfile,2,0,10,10,101,14,0,0,0.8,2,6
Java-OCA-OCPP,eu.chargetime.ocpp.feature.profile.securityext,ClientSecurityExtProfile,2,0,7,7,83,14,0,0,0.7142857142857143,2,3
Java-OCA-OCPP,eu.chargetime.ocpp.jsonserverimplementation.handler,AuthorizeHandlerTest,1,0,1,1,10,1,0,0,0.0,0,3
Java-OCA-OCPP,eu.chargetime.ocpp.jsonserverimplementation.config,TestJsonServerConfig,0,0,1,1,5,1,0,0,-1.0,0,1
Java-OCA-OCPP,eu.chargetime.ocpp.jsonserverimplementation.config,TestServerCoreProfileConfig,0,0,10,10,46,10,0,0,-1.0,0,1
Java-OCA-OCPP,eu.chargetime.ocpp.jsonserverimplementation.config,TestServerEventConfig,0,0,4,3,16,4,0,0,-1.0,0,1
Java-OCA-OCPP,eu.chargetime.ocpp.jsonserverimplementation.config,ServerCoreProfileConfig,0,0,10,10,46,10,0,0,-1.0,0,1
Java-OCA-OCPP,eu.chargetime.ocpp.jsonserverimplementation.config,ApplicationConfiguration,1,0,0,0,3,0,0,0,-1.0,2,0
Java-OCA-OCPP,eu.chargetime.ocpp.jsonserverimplementation.config,JsonServerConfig,0,0,1,1,5,1,0,0,-1.0,0,1
Java-OCA-OCPP,eu.chargetime.ocpp.jsonserverimplementation.config,ServerEventConfig,0,0,4,3,16,4,0,0,-1.0,0,1
Java-OCA-OCPP,eu.chargetime.ocpp.jsonserverimplementation.server,JsonServerImplTest,3,0,1,1,10,1,0,0,0.0,0,5
Java-OCA-OCPP,eu.chargetime.ocpp.jsonserverimplementation.server,JsonServerImpl,3,0,1,1,8,1,0,0,0.0,1,3
Java-OCA-OCPP,eu.chargetime.ocpp.jsonserverimplementation,JsonServerImplementationApplicationTests,0,0,1,0,4,1,0,0,-1.0,0,0
Java-OCA-OCPP,eu.chargetime.ocpp.jsonserverimplementation,JsonServerImplementationApplication,0,0,1,1,5,1,0,0,-1.0,1,1
Java-OCA-OCPP,eu.chargetime.ocpp.jsonclientimplementation.ocpphandler,ClientCoreEventHandlerConfig,0,0,10,10,43,10,0,0,-1.0,0,0
Java-OCA-OCPP,eu.chargetime.ocpp.jsonclientimplementation.ocpphandler,JsonClientConfig,0,0,1,1,5,1,0,0,-1.0,0,1
Java-OCA-OCPP,eu.chargetime.ocpp.jsonclientimplementation.ocpphandler,ClientCoreProfileConfig,0,0,1,1,5,1,0,0,-1.0,0,1
Java-OCA-OCPP,eu.chargetime.ocpp.jsonclientimplementation.ocpphandler,OCPPHandlerTest,3,0,1,1,20,1,0,0,0.0,0,5
Java-OCA-OCPP,eu.chargetime.ocpp.jsonclientimplementation,JsonClientImplementationApplicationTests,0,0,1,0,4,1,0,0,-1.0,0,0
Java-OCA-OCPP,eu.chargetime.ocpp.jsonclientimplementation,JsonClientImplementationApplication,0,0,1,1,5,1,0,0,-1.0,1,1
Java-OCA-OCPP,eu.chargetime.ocpp.jsonclientimplementation.config,ApiConfigurations,1,0,0,0,3,0,0,0,-1.0,1,0
Java-OCA-OCPP,core_features,SOAPClientSample,2,0,12,12,54,12,0,0,0.8333333333333334,0,3
Java-OCA-OCPP,core_features,JSONServerSample,2,0,12,12,57,13,0,0,0.9166666666666666,0,3
Java-OCA-OCPP,core_features,JSONClientSample,2,0,12,12,54,12,0,0,0.8333333333333334,0,3
Java-OCA-OCPP,core_features,SOAPServerSample,2,0,12,12,57,13,0,0,0.9166666666666666,0,3
Java-OCA-OCPP,eu.chargetime.ocpp.wss.test,CustomSSLWebSocketServerFactoryTest,1,0,10,2,54,10,0,0,0.8,0,1
Java-OCA-OCPP,eu.chargetime.ocpp.wss.test,TestSSLContext,0,0,1,0,5,1,0,0,-1.0,0,0
Java-OCA-OCPP,eu.chargetime.ocpp.wss.test,TestSSLContextSpi,1,0,8,1,27,8,0,0,0.75,0,0
Java-OCA-OCPP,eu.chargetime.ocpp.wss.test,BaseWssFactoryBuilderTest,0,0,6,6,30,6,0,0,-1.0,0,2
Java-OCA-OCPP,eu.chargetime.ocpp.wss.test,BaseWssSocketBuilderTest,0,0,6,6,61,6,0,0,-1.0,0,1
Java-OCA-OCPP,eu.chargetime.ocpp.wss,WssFactoryBuilder,0,0,2,0,15,2,1,0,-1.0,5,0
Java-OCA-OCPP,eu.chargetime.ocpp.wss,BaseWssSocketBuilder,10,1,17,12,101,24,0,1,0.23529411764705882,4,2
Java-OCA-OCPP,eu.chargetime.ocpp.wss,SocketFactory,0,0,1,0,3,1,0,0,-1.0,2,0
Java-OCA-OCPP,eu.chargetime.ocpp.wss,InetSocketAddressFactory,0,0,1,0,3,1,0,0,-1.0,1,0
Java-OCA-OCPP,eu.chargetime.ocpp.wss,CustomSSLWebSocketServerFactory,1,0,2,2,18,2,0,0,0.0,2,0
Java-OCA-OCPP,eu.chargetime.ocpp.wss,WssSocketBuilder,0,0,3,0,21,3,1,0,-1.0,5,0
Java-OCA-OCPP,eu.chargetime.ocpp.wss,BaseWssFactoryBuilder,2,0,6,5,29,7,0,1,0.5,4,0
Java-OCA-OCPP,eu.chargetime.ocpp.model.basic.types.test,SetVariableDataTypeTest,0,0,5,5,25,5,0,0,-1.0,0,1
Java-OCA-OCPP,eu.chargetime.ocpp.model.basic.types.test,GetVariableResultTypeTest,0,0,5,4,40,5,0,0,-1.0,0,0
Java-OCA-OCPP,eu.chargetime.ocpp.model.basic.types.test,ChargingStationTypeTest,0,0,8,7,49,8,0,0,-1.0,0,2
Java-OCA-OCPP,eu.chargetime.ocpp.model.basic.types.test,VariableTypeTest,0,0,5,5,28,5,0,0,-1.0,0,1
Java-OCA-OCPP,eu.chargetime.ocpp.model.basic.types,ComponentTypeTest,0,0,5,5,28,5,0,0,-1.0,0,1
Java-OCA-OCPP,eu.chargetime.ocpp.model.basic.types,SetVariableResultType,5,0,12,12,84,14,0,0,0.0,3,5
Java-OCA-OCPP,eu.chargetime.ocpp.model.basic.types,GetVariableResultType,7,0,14,14,98,16,0,0,0.0,2,5
Java-OCA-OCPP,eu.chargetime.ocpp.model.basic.types,VariableType,4,0,8,8,54,10,0,0,0.0,7,3
Java-OCA-OCPP,eu.chargetime.ocpp.model.basic.types,ComponentType,5,0,10,10,69,12,0,0,0.0,5,4
Java-OCA-OCPP,eu.chargetime.ocpp.model.basic.types,SetVariableDataType,6,0,12,12,82,14,0,0,0.0,4,5
Java-OCA-OCPP,eu.chargetime.ocpp.model.basic.types,GetVariableDataType,4,0,10,10,65,12,0,0,0.0,2,5
Java-OCA-OCPP,eu.chargetime.ocpp.model.basic.types,EVSEType,2,0,8,8,50,10,0,0,0.25,2,2
Java-OCA-OCPP,eu.chargetime.ocpp.model.basic.types,ChargingStationType,9,0,14,14,100,16,0,0,0.0,5,4
Java-OCA-OCPP,eu.chargetime.ocpp.model.basic.types,ModemType,3,0,8,8,50,10,0,0,0.0,3,3
Java-OCA-OCPP,eu.chargetime.ocpp.model.basic.test,SetVariablesRequestTest,0,0,3,3,21,3,0,0,-1.0,0,2
Java-OCA-OCPP,eu.chargetime.ocpp.model.basic.test,BootNotificationRequestTest,1,0,4,3,25,4,0,0,0.0,0,2
Java-OCA-OCPP,eu.chargetime.ocpp.model.basic.test,BootNotificationConfirmationTest,0,0,2,2,10,2,0,0,-1.0,0,1
Java-OCA-OCPP,eu.chargetime.ocpp.model.basic.test,StatusNotificationRequestTest,0,0,6,6,34,6,0,0,-1.0,0,1
Java-OCA-OCPP,eu.chargetime.ocpp.model.basic,SetVariablesConfirmationTest,0,0,3,3,21,3,0,0,-1.0,0,2
Java-OCA-OCPP,eu.chargetime.ocpp.model.basic,BootNotificationRequest,3,0,10,10,57,12,0,0,0.3,4,4
Java-OCA-OCPP,eu.chargetime.ocpp.model.basic,SetVariablesRequest,2,0,7,7,40,9,0,0,0.2857142857142857,4,4
Java-OCA-OCPP,eu.chargetime.ocpp.model.basic,GetVariablesConfirmation,1,0,6,6,32,8,0,0,0.0,2,3
Java-OCA-OCPP,eu.chargetime.ocpp.model.basic,StatusNotificationRequest,5,0,13,13,89,15,0,0,0.15384615384615385,4,3
Java-OCA-OCPP,eu.chargetime.ocpp.model.basic,BootNotificationConfirmation,4,0,10,10,68,12,0,0,0.0,3,3
Java-OCA-OCPP,eu.chargetime.ocpp.model.basic,StatusNotificationConfirmation,0,0,4,4,14,4,0,0,-1.0,2,2
Java-OCA-OCPP,eu.chargetime.ocpp.model.basic,GetVariablesRequest,1,0,7,7,35,9,0,0,0.2857142857142857,3,3
Java-OCA-OCPP,eu.chargetime.ocpp.model.basic,SetVariablesConfirmation,2,0,6,6,37,8,0,0,0.0,3,4
Java-OCA-OCPP,eu.chargetime.ocpp.model.validation.test,IdentifierStringValidationRuleTest,0,0,3,2,15,3,0,0,-1.0,0,1
Java-OCA-OCPP,eu.chargetime.ocpp.features.basic,BootNotificationFeature,1,0,5,5,18,5,0,0,0.8,0,2
Java-OCA-OCPP,eu.chargetime.ocpp.features.basic,SetVariablesFeature,1,0,5,5,18,5,0,0,0.8,1,2
Java-OCA-OCPP,eu.chargetime.ocpp.features.basic,StatusNotificationFeature,1,0,5,5,18,5,0,0,0.8,0,2
Java-OCA-OCPP,eu.chargetime.ocpp.features.basic,GetVariablesFeature,1,0,5,5,18,5,0,0,0.8,1,2
Java-OCA-OCPP,eu.chargetime.ocpp.features.basic.handlers,IServerBootNotificationRequestHandler,0,0,1,0,6,1,0,0,-1.0,1,1
Java-OCA-OCPP,eu.chargetime.ocpp.features.basic.handlers,IServerStatusNotificationRequestHandler,0,0,1,0,6,1,0,0,-1.0,1,1
Java-OCA-OCPP,eu.chargetime.ocpp.features.basic.handlers,IClientSetVariablesRequestHandler,0,0,1,0,6,1,0,0,-1.0,1,1
Java-OCA-OCPP,eu.chargetime.ocpp.features.basic.handlers,IClientGetVariablesRequestHandler,0,0,1,0,3,1,0,0,-1.0,1,1
Java-OCA-OCPP,eu.chargetime.ocpp.utilities.test,StopwatchTest,0,0,11,11,74,11,0,0,-1.0,0,1
Java-OCA-OCPP,eu.chargetime.ocpp.utilities.test,ModelUtilTest,0,0,8,8,43,8,0,0,-1.0,0,1
Java-OCA-OCPP,eu.chargetime.ocpp.utilities.test,MoreObjectsTest,24,0,58,58,251,58,0,0,0.6724137931034483,0,5
Java-OCA-OCPP,eu.chargetime.ocpp.utilities.test,TestObjectClassWithSecureField,1,0,1,1,6,1,0,0,0.0,0,1
Java-OCA-OCPP,eu.chargetime.ocpp.utilities.test,TestObjectClassWithNullArray,1,0,1,1,6,1,0,0,0.0,1,1
Java-OCA-OCPP,eu.chargetime.ocpp.utilities.test,TestObjectClassWithContainer,0,0,2,2,6,2,5,0,-1.0,0,0
Java-OCA-OCPP,eu.chargetime.ocpp.utilities.test,TestObjectClassWithList,1,0,1,1,9,1,0,1,0.0,0,1
Java-OCA-OCPP,eu.chargetime.ocpp.utilities.test,TestObjectClassWithSet,1,0,1,1,9,1,0,1,0.0,0,1
Java-OCA-OCPP,eu.chargetime.ocpp.utilities.test,TestObjectClassWithMap,1,0,1,1,9,1,0,1,0.0,0,1
Java-OCA-OCPP,eu.chargetime.ocpp.utilities.test,TestObjectClassWithQueue,1,0,1,1,9,1,0,1,0.0,0,1
Java-OCA-OCPP,eu.chargetime.ocpp.utilities.test,TestObjectClassWithShortArray,1,0,1,1,6,1,0,0,0.0,0,1
Java-OCA-OCPP,eu.chargetime.ocpp.utilities.test,TestObjectClassWithLongArray,1,0,1,1,6,1,0,1,0.0,0,1
Java-OCA-OCPP,eu.chargetime.ocpp.utilities.test,TestObjectClass,1,0,5,5,17,5,1,0,0.4,1,1
Java-OCA-OCPP,eu.chargetime.ocpp.utilities.test,ChildTestObjectClass,1,0,1,1,6,1,0,1,0.0,1,1
Java-OCA-OCPP,eu.chargetime.ocpp.utilities.test,TestPrimitiveTypesObjectClass,6,0,1,1,11,1,0,0,0.0,1,1
Java-OCA-OCPP,eu.chargetime.ocpp.utilities.test,TestPrimitiveArraysObjectClass,6,0,1,1,11,1,0,0,0.0,0,1
Java-OCA-OCPP,eu.chargetime.ocpp.utilities,TimeoutHandler,0,0,1,0,3,1,0,0,-1.0,1,0
Java-OCA-OCPP,eu.chargetime.ocpp.utilities,Stopwatch,4,0,17,10,142,31,0,0,0.23529411764705882,3,2
Java-OCA-OCPP,eu.chargetime.ocpp.utilities,Ticker,0,0,1,0,3,1,0,0,-1.0,1,0
Java-OCA-OCPP,eu.chargetime.ocpp.utilities,TimeoutTimer,3,0,6,6,28,6,0,0,0.0,4,1
Java-OCA-OCPP,eu.chargetime.ocpp.utilities,MoreObjects,13,4,77,60,689,93,0,0,0.18181818181818182,308,4
Java-OCA-OCPP,eu.chargetime.ocpp.utilities,ToStringHelper,6,4,42,31,398,52,0,0,0.07142857142857142,2,2
Java-OCA-OCPP,eu.chargetime.ocpp.utilities,ToStringHelperImpl,7,0,22,17,164,26,0,0,0.0,2,2
Java-OCA-OCPP,eu.chargetime.ocpp.utilities,ValueHolder,3,0,0,0,5,0,0,0,-1.0,3,1
Java-OCA-OCPP,eu.chargetime.ocpp.utilities,SugarUtil,0,0,3,3,28,4,0,0,-1.0,4,0
Java-OCA-OCPP,eu.chargetime.ocpp.utilities,ModelUtil,0,0,3,2,47,8,0,0,-1.0,17,1
Java-OCA-OCPP,eu.chargetime.ocpp.utilities,TestUtilities,0,0,3,3,41,6,0,0,-1.0,8,0
Java-OCA-OCPP,eu.chargetime.ocpp.v201.model.messages,BootNotificationRequestTest,0,0,2,2,20,2,0,0,-1.0,0,2
Java-OCA-OCPP,eu.chargetime.ocpp.v201.model.messages,NotifyDisplayMessagesResponse,1,0,9,8,67,12,0,0,0.2222222222222222,1,3
Java-OCA-OCPP,eu.chargetime.ocpp.v201.model.messages,GetTransactionStatusResponse,3,0,15,13,125,19,0,0,0.0,1,3
Java-OCA-OCPP,eu.chargetime.ocpp.v201.model.messages,ReportChargingProfilesRequest,6,0,25,20,221,32,0,0,0.08,1,4
Java-OCA-OCPP,eu.chargetime.ocpp.v201.model.messages,ClearChargingProfileRequest,3,0,17,15,135,21,0,0,0.17647058823529413,1,4
Java-OCA-OCPP,eu.chargetime.ocpp.v201.model.messages,NotifyCustomerInformationRequest,6,0,25,20,221,32,0,0,0.08,1,3
Java-OCA-OCPP,eu.chargetime.ocpp.v201.model.messages,CancelReservationRequest,2,0,13,11,101,17,0,0,0.15384615384615385,1,3
Java-OCA-OCPP,eu.chargetime.ocpp.v201.model.messages,GetReportRequest,4,0,21,17,177,27,0,0,0.09523809523809523,2,4
Java-OCA-OCPP,eu.chargetime.ocpp.v201.model.messages,BootNotificationResponse,5,0,22,17,198,29,0,0,0.0,2,4
Java-OCA-OCPP,eu.chargetime.ocpp.v201.model.messages,BootNotificationRequest,3,0,16,13,132,21,0,0,0.125,3,4
Java-OCA-OCPP,eu.chargetime.ocpp.v201.model.messages,ClearCacheRequest,1,0,10,9,70,13,0,0,0.3,1,3
Java-OCA-OCPP,eu.chargetime.ocpp.v201.model.messages,NotifyEVChargingScheduleResponse,3,0,16,13,136,21,0,0,0.0,1,4
Java-OCA-OCPP,eu.chargetime.ocpp.v201.model.messages,SignCertificateResponse,3,0,16,13,136,21,0,0,0.0,1,4
Java-OCA-OCPP,eu.chargetime.ocpp.v201.model.messages,SecurityEventNotificationRequest,4,0,20,16,170,26,0,0,0.1,1,3
Java-OCA-OCPP,eu.chargetime.ocpp.v201.model.messages,UpdateFirmwareRequest,5,0,22,19,186,27,0,0,0.09090909090909091,1,4
Java-OCA-OCPP,eu.chargetime.ocpp.v201.model.messages,SetVariablesRequest,2,0,13,11,101,17,0,0,0.15384615384615385,2,4
Java-OCA-OCPP,eu.chargetime.ocpp.v201.model.messages,GetBaseReportResponse,3,0,16,13,136,21,0,0,0.0,1,4
Java-OCA-OCPP,eu.chargetime.ocpp.v201.model.messages,SetDisplayMessageResponse,3,0,16,13,136,21,0,0,0.0,1,4
Java-OCA-OCPP,eu.chargetime.ocpp.v201.model.messages,GetMonitoringReportRequest,4,0,21,17,177,27,0,0,0.09523809523809523,1,4
Java-OCA-OCPP,eu.chargetime.ocpp.v201.model.messages,SetNetworkProfileResponse,3,0,16,13,136,21,0,0,0.0,1,4
Java-OCA-OCPP,eu.chargetime.ocpp.v201.model.messages,MeterValuesRequest,3,0,16,13,132,21,0,0,0.125,1,4
Java-OCA-OCPP,eu.chargetime.ocpp.v201.model.messages,RequestStopTransactionRequest,2,0,13,11,101,17,0,0,0.15384615384615385,1,3
Java-OCA-OCPP,eu.chargetime.ocpp.v201.model.messages,TriggerMessageRequest,3,0,17,14,139,22,0,0,0.11764705882352941,1,4
Java-OCA-OCPP,eu.chargetime.ocpp.v201.model.messages,CostUpdatedRequest,3,0,16,13,132,21,0,0,0.125,1,3
Java-OCA-OCPP,eu.chargetime.ocpp.v201.model.messages,SetChargingProfileResponse,3,0,16,13,136,21,0,0,0.0,1,4
Java-OCA-OCPP,eu.chargetime.ocpp.v201.model.messages,PublishFirmwareStatusNotificationResponse,1,0,9,8,67,12,0,0,0.2222222222222222,1,3
Java-OCA-OCPP,eu.chargetime.ocpp.v201.model.messages,ReportChargingProfilesResponse,1,0,9,8,67,12,0,0,0.2222222222222222,1,3
Java-OCA-OCPP,eu.chargetime.ocpp.v201.model.messages,SetMonitoringBaseResponse,3,0,16,13,136,21,0,0,0.0,1,4
Java-OCA-OCPP,eu.chargetime.ocpp.v201.model.messages,SetVariableMonitoringRequest,2,0,13,11,101,17,0,0,0.15384615384615385,1,4
Java-OCA-OCPP,eu.chargetime.ocpp.v201.model.messages,SignCertificateRequest,3,0,16,14,128,20,0,0,0.125,1,3
Java-OCA-OCPP,eu.chargetime.ocpp.v201.model.messages,UnpublishFirmwareResponse,2,0,12,10,98,16,0,0,0.0,1,3
Java-OCA-OCPP,eu.chargetime.ocpp.v201.model.messages,CostUpdatedResponse,1,0,9,8,67,12,0,0,0.2222222222222222,1,3
Java-OCA-OCPP,eu.chargetime.ocpp.v201.model.messages,GetChargingProfilesRequest,4,0,19,16,159,24,0,0,0.10526315789473684,1,4
Java-OCA-OCPP,eu.chargetime.ocpp.v201.model.messages,SetMonitoringBaseRequest,2,0,13,11,101,17,0,0,0.15384615384615385,1,3
Java-OCA-OCPP,eu.chargetime.ocpp.v201.model.messages,ReserveNowRequest,7,0,29,24,255,36,0,0,0.06896551724137931,1,4
Java-OCA-OCPP,eu.chargetime.ocpp.v201.model.messages,GetCertificateStatusRequest,2,0,13,11,101,17,0,0,0.15384615384615385,1,4
Java-OCA-OCPP,eu.chargetime.ocpp.v201.model.messages,ChangeAvailabilityRequest,3,0,17,14,139,22,0,0,0.11764705882352941,1,4
Java-OCA-OCPP,eu.chargetime.ocpp.v201.model.messages,SendLocalListRequest,4,0,20,16,170,26,0,0,0.1,1,4
Java-OCA-OCPP,eu.chargetime.ocpp.v201.model.messages,GetBaseReportRequest,3,0,16,13,132,21,0,0,0.125,2,3
Java-OCA-OCPP,eu.chargetime.ocpp.v201.model.messages,GetInstalledCertificateIdsRequest,2,0,14,12,108,18,0,0,0.21428571428571427,1,3
Java-OCA-OCPP,eu.chargetime.ocpp.v201.model.messages,FirmwareStatusNotificationRequest,3,0,16,14,128,20,0,0,0.125,1,3
Java-OCA-OCPP,eu.chargetime.ocpp.v201.model.messages,InstallCertificateResponse,3,0,16,13,136,21,0,0,0.0,1,4
Java-OCA-OCPP,eu.chargetime.ocpp.v201.model.messages,Get15118EVCertificateRequest,4,0,19,15,163,25,0,0,0.10526315789473684,1,3
Java-OCA-OCPP,eu.chargetime.ocpp.v201.model.messages,TransactionEventRequest,13,0,49,40,447,60,0,0,0.04081632653061224,1,7
Java-OCA-OCPP,eu.chargetime.ocpp.v201.model.messages,GetDisplayMessagesRequest,5,0,23,20,193,28,0,0,0.08695652173913043,1,3
Java-OCA-OCPP,eu.chargetime.ocpp.v201.model.messages,ClearedChargingLimitRequest,3,0,16,14,128,20,0,0,0.125,1,3
Java-OCA-OCPP,eu.chargetime.ocpp.v201.model.messages,NotifyDisplayMessagesRequest,4,0,20,17,166,25,0,0,0.1,1,4
Java-OCA-OCPP,eu.chargetime.ocpp.v201.model.messages,GetInstalledCertificateIdsResponse,4,0,20,16,174,26,0,0,0.0,1,5
Java-OCA-OCPP,eu.chargetime.ocpp.v201.model.messages,NotifyCustomerInformationResponse,1,0,9,8,67,12,0,0,0.2222222222222222,1,3
Java-OCA-OCPP,eu.chargetime.ocpp.v201.model.messages,SetNetworkProfileRequest,3,0,16,13,132,21,0,0,0.125,2,4
Java-OCA-OCPP,eu.chargetime.ocpp.v201.model.messages,NotifyEVChargingNeedsResponse,3,0,16,13,136,21,0,0,0.0,1,4
Java-OCA-OCPP,eu.chargetime.ocpp.v201.model.messages,DeleteCertificateResponse,3,0,16,13,136,21,0,0,0.0,1,4
Java-OCA-OCPP,eu.chargetime.ocpp.v201.model.messages,CertificateSignedResponse,3,0,16,13,136,21,0,0,0.0,1,4
Java-OCA-OCPP,eu.chargetime.ocpp.v201.model.messages,StatusNotificationRequest,5,0,22,17,194,29,0,0,0.09090909090909091,1,3
Java-OCA-OCPP,eu.chargetime.ocpp.v201.model.messages,DataTransferResponse,4,0,19,16,163,24,0,0,0.0,1,4
Java-OCA-OCPP,eu.chargetime.ocpp.v201.model.messages,SecurityEventNotificationResponse,1,0,9,8,67,12,0,0,0.2222222222222222,1,3
Java-OCA-OCPP,eu.chargetime.ocpp.v201.model.messages,ClearVariableMonitoringRequest,2,0,13,11,101,17,0,0,0.15384615384615385,1,3
Java-OCA-OCPP,eu.chargetime.ocpp.v201.model.messages,ReserveNowResponse,3,0,16,13,136,21,0,0,0.0,1,4
Java-OCA-OCPP,eu.chargetime.ocpp.v201.model.messages,GetCertificateStatusResponse,4,0,20,16,174,26,0,0,0.0,1,4
Java-OCA-OCPP,eu.chargetime.ocpp.v201.model.messages,LogStatusNotificationResponse,1,0,9,8,67,12,0,0,0.2222222222222222,1,3
Java-OCA-OCPP,eu.chargetime.ocpp.v201.model.messages,GetChargingProfilesResponse,3,0,16,13,136,21,0,0,0.0,1,4
Java-OCA-OCPP,eu.chargetime.ocpp.v201.model.messages,SetVariablesResponse,2,0,12,10,98,16,0,0,0.0,1,4
Java-OCA-OCPP,eu.chargetime.ocpp.v201.model.messages,MeterValuesResponse,1,0,9,8,67,12,0,0,0.2222222222222222,1,3
Java-OCA-OCPP,eu.chargetime.ocpp.v201.model.messages,LogStatusNotificationRequest,3,0,16,14,128,20,0,0,0.125,1,3
Java-OCA-OCPP,eu.chargetime.ocpp.v201.model.messages,SetDisplayMessageRequest,2,0,13,11,101,17,0,0,0.15384615384615385,1,4
Java-OCA-OCPP,eu.chargetime.ocpp.v201.model.messages,StatusNotificationResponse,1,0,9,8,67,12,0,0,0.2222222222222222,1,3
Java-OCA-OCPP,eu.chargetime.ocpp.v201.model.messages,GetTransactionStatusRequest,2,0,14,12,108,18,0,0,0.21428571428571427,1,3
Java-OCA-OCPP,eu.chargetime.ocpp.v201.model.messages,GetCompositeScheduleResponse,4,0,20,16,174,26,0,0,0.0,1,5
Java-OCA-OCPP,eu.chargetime.ocpp.v201.model.messages,ClearVariableMonitoringResponse,2,0,12,10,98,16,0,0,0.0,1,4
Java-OCA-OCPP,eu.chargetime.ocpp.v201.model.messages,SetVariableMonitoringResponse,2,0,12,10,98,16,0,0,0.0,1,4
Java-OCA-OCPP,eu.chargetime.ocpp.v201.model.messages,RequestStartTransactionRequest,6,0,27,22,235,34,0,0,0.07407407407407407,1,5
Java-OCA-OCPP,eu.chargetime.ocpp.v201.model.messages,SetChargingProfileRequest,3,0,16,13,132,21,0,0,0.125,1,4
Java-OCA-OCPP,eu.chargetime.ocpp.v201.model.messages,GetMonitoringReportResponse,3,0,16,13,136,21,0,0,0.0,1,4
Java-OCA-OCPP,eu.chargetime.ocpp.v201.model.messages,InstallCertificateRequest,3,0,16,13,132,21,0,0,0.125,1,3
Java-OCA-OCPP,eu.chargetime.ocpp.v201.model.messages,CertificateSignedRequest,3,0,16,14,128,20,0,0,0.125,1,3
Java-OCA-OCPP,eu.chargetime.ocpp.v201.model.messages,PublishFirmwareRequest,6,0,25,21,217,31,0,0,0.08,1,3
Java-OCA-OCPP,eu.chargetime.ocpp.v201.model.messages,SendLocalListResponse,3,0,16,13,136,21,0,0,0.0,1,4
Java-OCA-OCPP,eu.chargetime.ocpp.v201.model.messages,NotifyChargingLimitRequest,4,0,20,17,166,25,0,0,0.1,1,5
Java-OCA-OCPP,eu.chargetime.ocpp.v201.model.messages,NotifyChargingLimitResponse,1,0,9,8,67,12,0,0,0.2222222222222222,1,3
Java-OCA-OCPP,eu.chargetime.ocpp.v201.model.messages,ClearDisplayMessageResponse,3,0,16,13,136,21,0,0,0.0,1,4
Java-OCA-OCPP,eu.chargetime.ocpp.v201.model.messages,HeartbeatRequest,1,0,10,9,70,13,0,0,0.3,2,3
Java-OCA-OCPP,eu.chargetime.ocpp.v201.model.messages,NotifyEventResponse,1,0,9,8,67,12,0,0,0.2222222222222222,1,3
Java-OCA-OCPP,eu.chargetime.ocpp.v201.model.messages,GetVariablesRequest,2,0,13,11,101,17,0,0,0.15384615384615385,2,4
Java-OCA-OCPP,eu.chargetime.ocpp.v201.model.messages,GetLogRequest,6,0,25,21,217,31,0,0,0.08,1,4
Java-OCA-OCPP,eu.chargetime.ocpp.v201.model.messages,DataTransferRequest,4,0,20,17,166,25,0,0,0.1,1,3
Java-OCA-OCPP,eu.chargetime.ocpp.v201.model.messages,GetCompositeScheduleRequest,4,0,19,16,159,24,0,0,0.10526315789473684,1,3
Java-OCA-OCPP,eu.chargetime.ocpp.v201.model.messages,NotifyReportResponse,1,0,9,8,67,12,0,0,0.2222222222222222,2,3
Java-OCA-OCPP,eu.chargetime.ocpp.v201.model.messages,ResetResponse,3,0,16,13,136,21,0,0,0.0,1,4
Java-OCA-OCPP,eu.chargetime.ocpp.v201.model.messages,FirmwareStatusNotificationResponse,1,0,9,8,67,12,0,0,0.2222222222222222,1,3
Java-OCA-OCPP,eu.chargetime.ocpp.v201.model.messages,PublishFirmwareResponse,3,0,16,13,136,21,0,0,0.0,1,4
Java-OCA-OCPP,eu.chargetime.ocpp.v201.model.messages,NotifyMonitoringReportResponse,1,0,9,8,67,12,0,0,0.2222222222222222,1,3
Java-OCA-OCPP,eu.chargetime.ocpp.v201.model.messages,AuthorizeResponse,3,0,15,13,125,19,0,0,0.0,1,4
Java-OCA-OCPP,eu.chargetime.ocpp.v201.model.messages,UnpublishFirmwareRequest,2,0,13,11,101,17,0,0,0.15384615384615385,1,3
Java-OCA-OCPP,eu.chargetime.ocpp.v201.model.messages,TransactionEventResponse,5,0,23,20,197,28,0,0,0.08695652173913043,1,5
Java-OCA-OCPP,eu.chargetime.ocpp.v201.model.messages,GetLocalListVersionRequest,1,0,10,9,70,13,0,0,0.3,1,3
Java-OCA-OCPP,eu.chargetime.ocpp.v201.model.messages,RequestStartTransactionResponse,4,0,20,16,174,26,0,0,0.0,1,4
Java-OCA-OCPP,eu.chargetime.ocpp.v201.model.messages,NotifyMonitoringReportRequest,6,0,26,21,228,33,0,0,0.07692307692307693,1,4
Java-OCA-OCPP,eu.chargetime.ocpp.v201.model.messages,ResetRequest,3,0,16,14,128,20,0,0,0.125,1,3
Java-OCA-OCPP,eu.chargetime.ocpp.v201.model.messages,NotifyEventRequest,5,0,22,18,190,28,0,0,0.09090909090909091,1,4
Java-OCA-OCPP,eu.chargetime.ocpp.v201.model.messages,ReservationStatusUpdateRequest,3,0,16,13,132,21,0,0,0.125,1,3
Java-OCA-OCPP,eu.chargetime.ocpp.v201.model.messages,NotifyReportRequest,6,0,26,21,228,33,0,0,0.07692307692307693,2,4
Java-OCA-OCPP,eu.chargetime.ocpp.v201.model.messages,CancelReservationResponse,3,0,16,13,136,21,0,0,0.0,1,4
Java-OCA-OCPP,eu.chargetime.ocpp.v201.model.messages,ClearDisplayMessageRequest,2,0,13,11,101,17,0,0,0.15384615384615385,1,3
Java-OCA-OCPP,eu.chargetime.ocpp.v201.model.messages,GetReportResponse,3,0,16,13,136,21,0,0,0.0,1,4
Java-OCA-OCPP,eu.chargetime.ocpp.v201.model.messages,TriggerMessageResponse,3,0,16,13,136,21,0,0,0.0,1,4
Java-OCA-OCPP,eu.chargetime.ocpp.v201.model.messages,NotifyEVChargingScheduleRequest,4,0,19,15,163,25,0,0,0.10526315789473684,1,4
Java-OCA-OCPP,eu.chargetime.ocpp.v201.model.messages,PublishFirmwareStatusNotificationRequest,4,0,20,17,166,25,0,0,0.1,1,3
Java-OCA-OCPP,eu.chargetime.ocpp.v201.model.messages,RequestStopTransactionResponse,3,0,16,13,136,21,0,0,0.0,1,4
Java-OCA-OCPP,eu.chargetime.ocpp.v201.model.messages,UpdateFirmwareResponse,3,0,16,13,136,21,0,0,0.0,1,4
Java-OCA-OCPP,eu.chargetime.ocpp.v201.model.messages,ClearedChargingLimitResponse,1,0,9,8,67,12,0,0,0.2222222222222222,1,3
Java-OCA-OCPP,eu.chargetime.ocpp.v201.model.messages,GetDisplayMessagesResponse,3,0,16,13,136,21,0,0,0.0,1,4
Java-OCA-OCPP,eu.chargetime.ocpp.v201.model.messages,CustomerInformationResponse,3,0,16,13,136,21,0,0,0.0,1,4
Java-OCA-OCPP,eu.chargetime.ocpp.v201.model.messages,ChangeAvailabilityResponse,3,0,16,13,136,21,0,0,0.0,1,4
Java-OCA-OCPP,eu.chargetime.ocpp.v201.model.messages,SetMonitoringLevelRequest,2,0,13,11,101,17,0,0,0.15384615384615385,1,3
Java-OCA-OCPP,eu.chargetime.ocpp.v201.model.messages,ReservationStatusUpdateResponse,1,0,9,8,67,12,0,0,0.2222222222222222,1,3
Java-OCA-OCPP,eu.chargetime.ocpp.v201.model.messages,SetMonitoringLevelResponse,3,0,16,13,136,21,0,0,0.0,1,4
Java-OCA-OCPP,eu.chargetime.ocpp.v201.model.messages,Get15118EVCertificateResponse,4,0,19,15,167,25,0,0,0.0,1,4
Java-OCA-OCPP,eu.chargetime.ocpp.v201.model.messages,CustomerInformationRequest,7,0,31,24,277,40,0,0,0.06451612903225806,1,5
Java-OCA-OCPP,eu.chargetime.ocpp.v201.model.messages,HeartbeatResponse,2,0,12,10,98,16,0,0,0.0,2,3
Java-OCA-OCPP,eu.chargetime.ocpp.v201.model.messages,ClearCacheResponse,3,0,16,13,136,21,0,0,0.0,1,4
Java-OCA-OCPP,eu.chargetime.ocpp.v201.model.messages,GetLogResponse,4,0,20,16,174,26,0,0,0.0,1,4
Java-OCA-OCPP,eu.chargetime.ocpp.v201.model.messages,AuthorizeRequest,4,0,21,17,177,27,0,0,0.09523809523809523,1,5
Java-OCA-OCPP,eu.chargetime.ocpp.v201.model.messages,UnlockConnectorRequest,3,0,16,13,132,21,0,0,0.125,1,3
Java-OCA-OCPP,eu.chargetime.ocpp.v201.model.messages,GetVariablesResponse,2,0,12,10,98,16,0,0,0.0,1,4
Java-OCA-OCPP,eu.chargetime.ocpp.v201.model.messages,UnlockConnectorResponse,3,0,16,13,136,21,0,0,0.0,1,4
Java-OCA-OCPP,eu.chargetime.ocpp.v201.model.messages,DeleteCertificateRequest,2,0,13,11,101,17,0,0,0.15384615384615385,1,4
Java-OCA-OCPP,eu.chargetime.ocpp.v201.model.messages,ClearChargingProfileResponse,3,0,16,13,136,21,0,0,0.0,1,4
Java-OCA-OCPP,eu.chargetime.ocpp.v201.model.messages,GetLocalListVersionResponse,2,0,12,10,98,16,0,0,0.0,1,3
Java-OCA-OCPP,eu.chargetime.ocpp.v201.model.messages,NotifyEVChargingNeedsRequest,4,0,19,16,159,24,0,0,0.10526315789473684,1,4
Java-OCA-OCPP,eu.chargetime.ocpp.v201.model.types,EVSE,3,0,15,13,125,19,0,0,0.0,5,3
Java-OCA-OCPP,eu.chargetime.ocpp.v201.model.types,StatusInfo,3,0,16,13,136,21,0,0,0.0,43,3
Java-OCA-OCPP,eu.chargetime.ocpp.v201.model.types,ChargingStation,6,0,27,21,243,35,0,0,0.0,2,4
Java-OCA-OCPP,eu.chargetime.ocpp.v201.model.types,VariableMonitoring,6,0,24,18,222,32,0,0,0.0,2,3
Java-OCA-OCPP,eu.chargetime.ocpp.v201.model.types,VPN,7,0,28,21,260,37,0,0,0.0,2,3
Java-OCA-OCPP,eu.chargetime.ocpp.v201.model.types,ChargingLimit,3,0,15,13,125,19,0,0,0.0,2,3
Java-OCA-OCPP,eu.chargetime.ocpp.v201.model.types,DCChargingParameters,9,0,36,30,324,44,0,0,0.0,2,3
Java-OCA-OCPP,eu.chargetime.ocpp.v201.model.types,AuthorizationData,3,0,16,13,136,21,0,0,0.0,2,5
Java-OCA-OCPP,eu.chargetime.ocpp.v201.model.types,SampledValue,8,0,32,28,282,38,0,0,0.0,2,5
Java-OCA-OCPP,eu.chargetime.ocpp.v201.model.types,MeterValue,3,0,15,12,129,20,0,0,0.0,3,4
Java-OCA-OCPP,eu.chargetime.ocpp.v201.model.types,VariableAttribute,6,0,25,23,213,29,0,0,0.08,2,3
Java-OCA-OCPP,eu.chargetime.ocpp.v201.model.types,GetVariableData,4,0,18,15,156,23,0,0,0.0,2,5
Java-OCA-OCPP,eu.chargetime.ocpp.v201.model.types,VariableCharacteristics,7,0,29,24,259,36,0,0,0.0,2,3
Java-OCA-OCPP,eu.chargetime.ocpp.v201.model.types,MonitoringData,4,0,18,14,160,24,0,0,0.0,2,6
Java-OCA-OCPP,eu.chargetime.ocpp.v201.model.types,CertificateHashDataChain,4,0,19,15,167,25,0,0,0.0,2,4
Java-OCA-OCPP,eu.chargetime.ocpp.v201.model.types,AdditionalInfo,3,0,15,12,129,20,0,0,0.0,2,3
Java-OCA-OCPP,eu.chargetime.ocpp.v201.model.types,SetVariableData,5,0,21,17,187,27,0,0,0.0,2,5
Java-OCA-OCPP,eu.chargetime.ocpp.v201.model.types,Component,4,0,20,16,174,26,0,0,0.0,12,4
Java-OCA-OCPP,eu.chargetime.ocpp.v201.model.types,ClearMonitoringResult,4,0,19,15,167,25,0,0,0.0,2,4
Java-OCA-OCPP,eu.chargetime.ocpp.v201.model.types,CompositeSchedule,6,0,24,18,222,32,0,0,0.0,2,4
Java-OCA-OCPP,eu.chargetime.ocpp.v201.model.types,SignedMeterValue,5,0,21,16,191,28,0,0,0.0,2,3
Java-OCA-OCPP,eu.chargetime.ocpp.v201.model.types,Variable,3,0,16,13,136,21,0,0,0.0,11,3
Java-OCA-OCPP,eu.chargetime.ocpp.v201.model.types,SalesTariff,5,0,22,18,194,28,0,0,0.0,2,4
Java-OCA-OCPP,eu.chargetime.ocpp.v201.model.types,IdTokenInfo,9,0,38,31,342,47,0,0,0.0,4,5
Java-OCA-OCPP,eu.chargetime.ocpp.v201.model.types,GetVariableResult,7,0,29,23,268,38,0,0,0.0,2,6
Java-OCA-OCPP,eu.chargetime.ocpp.v201.model.types,RelativeTimeInterval,3,0,15,13,125,19,0,0,0.0,2,3
Java-OCA-OCPP,eu.chargetime.ocpp.v201.model.types,NetworkConnectionProfile,9,0,35,26,329,46,0,0,0.0,2,5
Java-OCA-OCPP,eu.chargetime.ocpp.v201.model.types,EventData,14,0,51,40,479,64,0,0,0.0,2,5
Java-OCA-OCPP,eu.chargetime.ocpp.v201.model.types,ChargingProfileCriterion,5,0,23,20,197,28,0,0,0.08695652173913043,2,3
Java-OCA-OCPP,eu.chargetime.ocpp.v201.model.types,MessageContent,4,0,19,15,167,25,0,0,0.0,4,3
Java-OCA-OCPP,eu.chargetime.ocpp.v201.model.types,IdToken,4,0,19,15,167,25,0,0,0.0,8,4
Java-OCA-OCPP,eu.chargetime.ocpp.v201.model.types,SetVariableResult,6,0,25,20,225,32,0,0,0.0,2,6
Java-OCA-OCPP,eu.chargetime.ocpp.v201.model.types,ReportData,5,0,22,17,198,29,0,0,0.0,2,7
Java-OCA-OCPP,eu.chargetime.ocpp.v201.model.types,ClearChargingProfile,4,0,18,17,148,21,0,0,0.1111111111111111,2,3
Java-OCA-OCPP,eu.chargetime.ocpp.v201.model.types,Cost,4,0,18,15,156,23,0,0,0.0,2,3
Java-OCA-OCPP,eu.chargetime.ocpp.v201.model.types,ChargingSchedulePeriod,5,0,21,18,183,26,0,0,0.0,3,3
Java-OCA-OCPP,eu.chargetime.ocpp.v201.model.types,CertificateHashData,5,0,21,16,191,28,0,0,0.0,4,3
Java-OCA-OCPP,eu.chargetime.ocpp.v201.model.types,Firmware,6,0,26,21,232,33,0,0,0.0,2,3
Java-OCA-OCPP,eu.chargetime.ocpp.v201.model.types,MessageInfo,9,0,35,29,317,43,0,0,0.0,3,5
Java-OCA-OCPP,eu.chargetime.ocpp.v201.model.types,APN,8,0,33,27,297,41,0,0,0.0,2,3
Java-OCA-OCPP,eu.chargetime.ocpp.v201.model.types,ACChargingParameters,5,0,21,16,191,28,0,0,0.0,2,3
Java-OCA-OCPP,eu.chargetime.ocpp.v201.model.types,ChargingProfile,10,0,37,30,341,46,0,0,0.0,4,4
Java-OCA-OCPP,eu.chargetime.ocpp.v201.model.types,SetMonitoringResult,8,0,31,24,287,40,0,0,0.0,2,6
Java-OCA-OCPP,eu.chargetime.ocpp.v201.model.types,Modem,3,0,17,14,143,22,0,0,0.11764705882352941,2,3
Java-OCA-OCPP,eu.chargetime.ocpp.v201.model.types,SetMonitoringData,8,0,30,24,276,38,0,0,0.0,2,5
Java-OCA-OCPP,eu.chargetime.ocpp.v201.model.types,ChargingSchedule,8,0,31,26,279,38,0,0,0.0,4,5
Java-OCA-OCPP,eu.chargetime.ocpp.v201.model.types,OCSPRequestData,6,0,24,18,222,32,0,0,0.0,3,3
Java-OCA-OCPP,eu.chargetime.ocpp.v201.model.types,CustomData,1,0,8,7,60,11,0,0,0.0,183,2
Java-OCA-OCPP,eu.chargetime.ocpp.v201.model.types,ComponentVariable,3,0,16,13,136,21,0,0,0.0,3,5
Java-OCA-OCPP,eu.chargetime.ocpp.v201.model.types,ConsumptionCost,3,0,15,12,129,20,0,0,0.0,2,4
Java-OCA-OCPP,eu.chargetime.ocpp.v201.model.types,SalesTariffEntry,4,0,20,16,174,26,0,0,0.0,2,5
Java-OCA-OCPP,eu.chargetime.ocpp.v201.model.types,ChargingNeeds,5,0,23,19,201,29,0,0,0.0,2,5
Java-OCA-OCPP,eu.chargetime.ocpp.v201.model.types,UnitOfMeasure,3,0,16,14,132,20,0,0,0.125,2,3
Java-OCA-OCPP,eu.chargetime.ocpp.v201.model.types,LogParameters,4,0,18,16,152,22,0,0,0.0,2,3
Java-OCA-OCPP,eu.chargetime.ocpp.v201.model.types,Transaction,6,0,24,22,206,28,0,0,0.0,2,3
Java-OCA-OCPP,eu.chargetime.ocpp.v201.feature,NotifyCustomerInformationFeature,0,0,4,4,14,4,0,0,-1.0,0,1
Java-OCA-OCPP,eu.chargetime.ocpp.v201.feature,ClearChargingProfileFeature,0,0,4,4,14,4,0,0,-1.0,0,1
Java-OCA-OCPP,eu.chargetime.ocpp.v201.feature,BootNotificationFeature,0,0,4,4,14,4,0,0,-1.0,0,1
Java-OCA-OCPP,eu.chargetime.ocpp.v201.feature,CancelReservationFeature,0,0,4,4,14,4,0,0,-1.0,0,1
Java-OCA-OCPP,eu.chargetime.ocpp.v201.feature,GetReportFeature,0,0,4,4,14,4,0,0,-1.0,0,1
Java-OCA-OCPP,eu.chargetime.ocpp.v201.feature,ReportChargingProfilesFeature,0,0,4,4,14,4,0,0,-1.0,0,1
Java-OCA-OCPP,eu.chargetime.ocpp.v201.feature,SetVariablesFeature,0,0,4,4,14,4,0,0,-1.0,0,1
Java-OCA-OCPP,eu.chargetime.ocpp.v201.feature,UpdateFirmwareFeature,0,0,4,4,14,4,0,0,-1.0,0,1
Java-OCA-OCPP,eu.chargetime.ocpp.v201.feature,SecurityEventNotificationFeature,0,0,4,4,14,4,0,0,-1.0,0,1
Java-OCA-OCPP,eu.chargetime.ocpp.v201.feature,ClearCacheFeature,0,0,4,4,14,4,0,0,-1.0,0,1
Java-OCA-OCPP,eu.chargetime.ocpp.v201.feature,MeterValuesFeature,0,0,4,4,14,4,0,0,-1.0,0,1
Java-OCA-OCPP,eu.chargetime.ocpp.v201.feature,GetMonitoringReportFeature,0,0,4,4,14,4,0,0,-1.0,0,1
Java-OCA-OCPP,eu.chargetime.ocpp.v201.feature,SignCertificateFeature,0,0,4,4,14,4,0,0,-1.0,0,1
Java-OCA-OCPP,eu.chargetime.ocpp.v201.feature,SetVariableMonitoringFeature,0,0,4,4,14,4,0,0,-1.0,0,1
Java-OCA-OCPP,eu.chargetime.ocpp.v201.feature,ReserveNowFeature,0,0,4,4,14,4,0,0,-1.0,0,1
Java-OCA-OCPP,eu.chargetime.ocpp.v201.feature,SetMonitoringBaseFeature,0,0,4,4,14,4,0,0,-1.0,0,1
Java-OCA-OCPP,eu.chargetime.ocpp.v201.feature,GetChargingProfilesFeature,0,0,4,4,14,4,0,0,-1.0,0,1
Java-OCA-OCPP,eu.chargetime.ocpp.v201.feature,CostUpdatedFeature,0,0,4,4,14,4,0,0,-1.0,0,1
Java-OCA-OCPP,eu.chargetime.ocpp.v201.feature,TriggerMessageFeature,0,0,4,4,14,4,0,0,-1.0,0,1
Java-OCA-OCPP,eu.chargetime.ocpp.v201.feature,RequestStopTransactionFeature,0,0,4,4,14,4,0,0,-1.0,0,1
Java-OCA-OCPP,eu.chargetime.ocpp.v201.feature,Get15118EVCertificateFeature,0,0,4,4,14,4,0,0,-1.0,0,1
Java-OCA-OCPP,eu.chargetime.ocpp.v201.feature,FirmwareStatusNotificationFeature,0,0,4,4,14,4,0,0,-1.0,0,1
Java-OCA-OCPP,eu.chargetime.ocpp.v201.feature,SendLocalListFeature,0,0,4,4,14,4,0,0,-1.0,0,1
Java-OCA-OCPP,eu.chargetime.ocpp.v201.feature,ChangeAvailabilityFeature,0,0,4,4,14,4,0,0,-1.0,0,1
Java-OCA-OCPP,eu.chargetime.ocpp.v201.feature,GetCertificateStatusFeature,0,0,4,4,14,4,0,0,-1.0,0,1
Java-OCA-OCPP,eu.chargetime.ocpp.v201.feature,GetInstalledCertificateIdsFeature,0,0,4,4,14,4,0,0,-1.0,0,1
Java-OCA-OCPP,eu.chargetime.ocpp.v201.feature,GetBaseReportFeature,0,0,4,4,14,4,0,0,-1.0,0,1
Java-OCA-OCPP,eu.chargetime.ocpp.v201.feature,SetNetworkProfileFeature,0,0,4,4,14,4,0,0,-1.0,0,1
Java-OCA-OCPP,eu.chargetime.ocpp.v201.feature,NotifyDisplayMessagesFeature,0,0,4,4,14,4,0,0,-1.0,0,1
Java-OCA-OCPP,eu.chargetime.ocpp.v201.feature,GetDisplayMessagesFeature,0,0,4,4,14,4,0,0,-1.0,0,1
Java-OCA-OCPP,eu.chargetime.ocpp.v201.feature,TransactionEventFeature,0,0,4,4,14,4,0,0,-1.0,0,1
Java-OCA-OCPP,eu.chargetime.ocpp.v201.feature,ClearedChargingLimitFeature,0,0,4,4,14,4,0,0,-1.0,0,1
Java-OCA-OCPP,eu.chargetime.ocpp.v201.feature,ClearVariableMonitoringFeature,0,0,4,4,14,4,0,0,-1.0,0,1
Java-OCA-OCPP,eu.chargetime.ocpp.v201.feature,StatusNotificationFeature,0,0,4,4,14,4,0,0,-1.0,0,1
Java-OCA-OCPP,eu.chargetime.ocpp.v201.feature,GetTransactionStatusFeature,0,0,4,4,14,4,0,0,-1.0,0,1
Java-OCA-OCPP,eu.chargetime.ocpp.v201.feature,SetDisplayMessageFeature,0,0,4,4,14,4,0,0,-1.0,0,1
Java-OCA-OCPP,eu.chargetime.ocpp.v201.feature,LogStatusNotificationFeature,0,0,4,4,14,4,0,0,-1.0,0,1
Java-OCA-OCPP,eu.chargetime.ocpp.v201.feature,InstallCertificateFeature,0,0,4,4,14,4,0,0,-1.0,0,1
Java-OCA-OCPP,eu.chargetime.ocpp.v201.feature,SetChargingProfileFeature,0,0,4,4,14,4,0,0,-1.0,0,1
Java-OCA-OCPP,eu.chargetime.ocpp.v201.feature,RequestStartTransactionFeature,0,0,4,4,14,4,0,0,-1.0,0,1
Java-OCA-OCPP,eu.chargetime.ocpp.v201.feature,NotifyChargingLimitFeature,0,0,4,4,14,4,0,0,-1.0,0,1
Java-OCA-OCPP,eu.chargetime.ocpp.v201.feature,PublishFirmwareFeature,0,0,4,4,14,4,0,0,-1.0,0,1
Java-OCA-OCPP,eu.chargetime.ocpp.v201.feature,CertificateSignedFeature,0,0,4,4,14,4,0,0,-1.0,0,1
Java-OCA-OCPP,eu.chargetime.ocpp.v201.feature,GetCompositeScheduleFeature,0,0,4,4,14,4,0,0,-1.0,0,1
Java-OCA-OCPP,eu.chargetime.ocpp.v201.feature,DataTransferFeature,0,0,4,4,14,4,0,0,-1.0,0,1
Java-OCA-OCPP,eu.chargetime.ocpp.v201.feature,GetLogFeature,0,0,4,4,14,4,0,0,-1.0,0,1
Java-OCA-OCPP,eu.chargetime.ocpp.v201.feature,GetVariablesFeature,0,0,4,4,14,4,0,0,-1.0,0,1
Java-OCA-OCPP,eu.chargetime.ocpp.v201.feature,HeartbeatFeature,0,0,4,4,14,4,0,0,-1.0,0,1
Java-OCA-OCPP,eu.chargetime.ocpp.v201.feature,UnpublishFirmwareFeature,0,0,4,4,14,4,0,0,-1.0,0,1
Java-OCA-OCPP,eu.chargetime.ocpp.v201.feature,GetLocalListVersionFeature,0,0,4,4,14,4,0,0,-1.0,0,1
Java-OCA-OCPP,eu.chargetime.ocpp.v201.feature,ClearDisplayMessageFeature,0,0,4,4,14,4,0,0,-1.0,0,1
Java-OCA-OCPP,eu.chargetime.ocpp.v201.feature,ReservationStatusUpdateFeature,0,0,4,4,14,4,0,0,-1.0,0,1
Java-OCA-OCPP,eu.chargetime.ocpp.v201.feature,NotifyEventFeature,0,0,4,4,14,4,0,0,-1.0,0,1
Java-OCA-OCPP,eu.chargetime.ocpp.v201.feature,ResetFeature,0,0,4,4,14,4,0,0,-1.0,0,1
Java-OCA-OCPP,eu.chargetime.ocpp.v201.feature,NotifyMonitoringReportFeature,0,0,4,4,14,4,0,0,-1.0,0,1
Java-OCA-OCPP,eu.chargetime.ocpp.v201.feature,NotifyReportFeature,0,0,4,4,14,4,0,0,-1.0,0,1
Java-OCA-OCPP,eu.chargetime.ocpp.v201.feature,NotifyEVChargingScheduleFeature,0,0,4,4,14,4,0,0,-1.0,0,1
Java-OCA-OCPP,eu.chargetime.ocpp.v201.feature,PublishFirmwareStatusNotificationFeature,0,0,4,4,14,4,0,0,-1.0,0,1
Java-OCA-OCPP,eu.chargetime.ocpp.v201.feature,SetMonitoringLevelFeature,0,0,4,4,14,4,0,0,-1.0,0,1
Java-OCA-OCPP,eu.chargetime.ocpp.v201.feature,CustomerInformationFeature,0,0,4,4,14,4,0,0,-1.0,0,1
Java-OCA-OCPP,eu.chargetime.ocpp.v201.feature,NotifyEVChargingNeedsFeature,0,0,4,4,14,4,0,0,-1.0,0,1
Java-OCA-OCPP,eu.chargetime.ocpp.v201.feature,DeleteCertificateFeature,0,0,4,4,14,4,0,0,-1.0,0,1
Java-OCA-OCPP,eu.chargetime.ocpp.v201.feature,AuthorizeFeature,0,0,4,4,14,4,0,0,-1.0,0,1
Java-OCA-OCPP,eu.chargetime.ocpp.v201.feature,UnlockConnectorFeature,0,0,4,4,14,4,0,0,-1.0,0,1
Java-OCA-OCPP,eu.chargetime.ocpp.v201.feature.function,ServerAvailabilityEventHandler,0,0,2,0,19,2,0,0,-1.0,1,0
Java-OCA-OCPP,eu.chargetime.ocpp.v201.feature.function,ClientAuthorizationFunction,2,0,4,4,30,5,0,0,0.5,0,2
Java-OCA-OCPP,eu.chargetime.ocpp.v201.feature.function,ServerDiagnosticsEventHandler,0,0,3,0,26,3,0,0,-1.0,1,0
Java-OCA-OCPP,eu.chargetime.ocpp.v201.feature.function,ClientFirmwareManagementEventHandler,0,0,3,0,23,3,0,0,-1.0,1,0
Java-OCA-OCPP,eu.chargetime.ocpp.v201.feature.function,ServerSmartChargingFunction,2,0,7,7,75,12,0,0,0.7142857142857143,0,2
Java-OCA-OCPP,eu.chargetime.ocpp.v201.feature.function,ClientTariffAndCostFunction,2,0,3,3,21,4,0,0,0.0,0,2
Java-OCA-OCPP,eu.chargetime.ocpp.v201.feature.function,ClientLocalAuthorizationListManagementFunction,2,0,3,3,25,5,0,0,0.0,0,2
Java-OCA-OCPP,eu.chargetime.ocpp.v201.feature.function,ClientISO15118CertificateManagementFunction,2,0,5,5,45,7,0,0,0.6,0,2
Java-OCA-OCPP,eu.chargetime.ocpp.v201.feature.function,ServerISO15118CertificateManagementEventHandler,0,0,2,0,19,2,0,0,-1.0,1,0
Java-OCA-OCPP,eu.chargetime.ocpp.v201.feature.function,ServerRemoteControlFunction,1,0,7,7,53,7,0,0,0.8571428571428571,0,1
Java-OCA-OCPP,eu.chargetime.ocpp.v201.feature.function,ClientReservationFunction,2,0,4,4,35,6,0,0,0.5,0,2
Java-OCA-OCPP,eu.chargetime.ocpp.v201.feature.function,ServerLocalAuthorizationListManagementFunction,1,0,5,5,33,5,0,0,0.8,0,1
Java-OCA-OCPP,eu.chargetime.ocpp.v201.feature.function,ClientDisplayMessageFunction,2,0,4,4,38,7,0,0,0.5,0,2
Java-OCA-OCPP,eu.chargetime.ocpp.v201.feature.function,ServerAuthorizationEventHandler,0,0,1,0,12,1,0,0,-1.0,1,0
Java-OCA-OCPP,eu.chargetime.ocpp.v201.feature.function,ServerProvisioningEventHandler,0,0,3,0,26,3,0,0,-1.0,1,0
Java-OCA-OCPP,eu.chargetime.ocpp.v201.feature.function,ClientDiagnosticsEventHandler,0,0,7,0,47,7,0,0,-1.0,1,0
Java-OCA-OCPP,eu.chargetime.ocpp.v201.feature.function,ServerTariffAndCostFunction,1,0,4,4,25,4,0,0,0.75,0,1
Java-OCA-OCPP,eu.chargetime.ocpp.v201.feature.function,ClientSmartChargingFunction,2,0,8,8,84,12,0,0,0.75,0,2
Java-OCA-OCPP,eu.chargetime.ocpp.v201.feature.function,ServerTransactionsEventHandler,0,0,1,0,12,1,0,0,-1.0,1,0
Java-OCA-OCPP,eu.chargetime.ocpp.v201.feature.function,ClientTariffAndCostEventHandler,0,0,1,0,11,1,0,0,-1.0,1,0
Java-OCA-OCPP,eu.chargetime.ocpp.v201.feature.function,ServerFirmwareManagementEventHandler,0,0,2,0,19,2,0,0,-1.0,1,0
Java-OCA-OCPP,eu.chargetime.ocpp.v201.feature.function,ServerAuthorizationFunction,2,0,4,4,29,5,0,0,0.5,0,2
Java-OCA-OCPP,eu.chargetime.ocpp.v201.feature.function,ClientFirmwareManagementFunction,2,0,5,5,47,8,0,0,0.6,0,2
Java-OCA-OCPP,eu.chargetime.ocpp.v201.feature.function,ServerReservationFunction,2,0,5,5,41,6,0,0,0.6,0,2
Java-OCA-OCPP,eu.chargetime.ocpp.v201.feature.function,ClientRemoteControlEventHandler,0,0,4,0,29,4,0,0,-1.0,1,0
Java-OCA-OCPP,eu.chargetime.ocpp.v201.feature.function,ClientLocalAuthorizationListManagementEventHandler,0,0,2,0,17,2,0,0,-1.0,1,0
Java-OCA-OCPP,eu.chargetime.ocpp.v201.feature.function,ClientDisplayMessageEventHandler,0,0,3,0,23,3,0,0,-1.0,1,0
Java-OCA-OCPP,eu.chargetime.ocpp.v201.feature.function,ClientSmartChargingEventHandler,0,0,4,0,29,4,0,0,-1.0,1,0
Java-OCA-OCPP,eu.chargetime.ocpp.v201.feature.function,ClientSecurityFunction,2,0,5,5,44,7,0,0,0.6,0,2
Java-OCA-OCPP,eu.chargetime.ocpp.v201.feature.function,ClientDataTransferEventHandler,0,0,1,0,11,1,0,0,-1.0,1,0
Java-OCA-OCPP,eu.chargetime.ocpp.v201.feature.function,ServerDisplayMessageFunction,2,0,6,6,48,7,0,0,0.6666666666666666,0,2
Java-OCA-OCPP,eu.chargetime.ocpp.v201.feature.function,ClientRemoteControlFunction,2,0,3,3,33,7,0,0,0.0,0,2
Java-OCA-OCPP,eu.chargetime.ocpp.v201.feature.function,ClientAuthorizationEventHandler,0,0,1,0,11,1,0,0,-1.0,1,0
Java-OCA-OCPP,eu.chargetime.ocpp.v201.feature.function,ClientTransactionsEventHandler,0,0,1,0,11,1,0,0,-1.0,1,0
Java-OCA-OCPP,eu.chargetime.ocpp.v201.feature.function,ClientDiagnosticsFunction,2,0,6,6,77,13,0,0,0.6666666666666666,0,2
Java-OCA-OCPP,eu.chargetime.ocpp.v201.feature.function,ClientAvailabilityFunction,2,0,5,5,44,6,0,0,0.6,0,2
Java-OCA-OCPP,eu.chargetime.ocpp.v201.feature.function,ServerReservationEventHandler,0,0,1,0,12,1,0,0,-1.0,1,0
Java-OCA-OCPP,eu.chargetime.ocpp.v201.feature.function,ServerMeterValuesEventHandler,0,0,1,0,12,1,0,0,-1.0,1,0
Java-OCA-OCPP,eu.chargetime.ocpp.v201.feature.function,ClientProvisioningEventHandler,0,0,6,0,41,6,0,0,-1.0,1,0
Java-OCA-OCPP,eu.chargetime.ocpp.v201.feature.function,ServerMeterValuesFunction,2,0,3,3,21,4,0,0,0.0,0,2
Java-OCA-OCPP,eu.chargetime.ocpp.v201.feature.function,ServerDataTransferEventHandler,0,0,1,0,12,1,0,0,-1.0,1,0
Java-OCA-OCPP,eu.chargetime.ocpp.v201.feature.function,ClientSecurityEventHandler,0,0,2,0,17,2,0,0,-1.0,1,0
Java-OCA-OCPP,eu.chargetime.ocpp.v201.feature.function,ClientProvisioningFunction,2,0,6,6,70,12,0,0,0.6666666666666666,1,2
Java-OCA-OCPP,eu.chargetime.ocpp.v201.feature.function,ServerTransactionsFunction,2,0,4,4,29,5,0,0,0.5,0,2
Java-OCA-OCPP,eu.chargetime.ocpp.v201.feature.function,ServerSmartChargingEventHandler,0,0,5,0,40,5,0,0,-1.0,1,0
Java-OCA-OCPP,eu.chargetime.ocpp.v201.feature.function,ClientDataTransferFunction,2,0,4,4,29,5,0,0,0.5,0,2
Java-OCA-OCPP,eu.chargetime.ocpp.v201.feature.function,ServerSecurityEventHandler,0,0,2,0,19,2,0,0,-1.0,1,0
Java-OCA-OCPP,eu.chargetime.ocpp.v201.feature.function,ServerDiagnosticsFunction,2,0,10,10,96,13,0,0,0.8,0,2
Java-OCA-OCPP,eu.chargetime.ocpp.v201.feature.function,ServerDisplayMessageEventHandler,0,0,1,0,12,1,0,0,-1.0,1,0
Java-OCA-OCPP,eu.chargetime.ocpp.v201.feature.function,ServerDataTransferFunction,2,0,4,4,29,5,0,0,0.5,0,2
Java-OCA-OCPP,eu.chargetime.ocpp.v201.feature.function,ClientTransactionsFunction,2,0,4,4,34,5,0,0,0.5,0,2
Java-OCA-OCPP,eu.chargetime.ocpp.v201.feature.function,ServerSecurityFunction,2,0,5,5,44,7,0,0,0.6,0,2
Java-OCA-OCPP,eu.chargetime.ocpp.v201.feature.function,ClientReservationEventHandler,0,0,2,0,17,2,0,0,-1.0,1,0
Java-OCA-OCPP,eu.chargetime.ocpp.v201.feature.function,ServerProvisioningFunction,2,0,9,9,85,12,0,0,0.7777777777777778,0,2
Java-OCA-OCPP,eu.chargetime.ocpp.v201.feature.function,ClientAvailabilityEventHandler,0,0,1,0,11,1,0,0,-1.0,1,0
Java-OCA-OCPP,eu.chargetime.ocpp.v201.feature.function,ServerFirmwareManagementFunction,2,0,6,6,55,8,0,0,0.6666666666666666,0,2
Java-OCA-OCPP,eu.chargetime.ocpp.v201.feature.function,ServerAvailabilityFunction,2,0,4,4,34,6,0,0,0.5,0,2
Java-OCA-OCPP,eu.chargetime.ocpp.v201.feature.function,ServerISO15118CertificateManagementFunction,2,0,5,5,42,7,0,0,0.6,0,2
Java-OCA-OCPP,eu.chargetime.ocpp.v201.feature.function,ClientMeterValuesFunction,1,0,4,4,25,4,0,0,0.75,0,1
Java-OCA-OCPP,eu.chargetime.ocpp.v201.feature.function,ClientISO15118CertificateManagementEventHandler,0,0,2,0,17,2,0,0,-1.0,1,0
Java-OCA-OCPP,eu.chargetime.ocpp.feature.function,Function,0,0,2,0,17,2,0,0,-1.0,70,1
